loading backgrounds (first run decodes them, ~15 s)...
game started (pid 1024356); play, then quit the game to finish
[   0.0s] 0 palettes, on screen: -, elsewhere in memory: - (0.0s scan)
[   5.0s] 2 palettes, on screen: -, elsewhere in memory: - (2.5s scan)
[  10.0s] 3 palettes, on screen: ['signin/30600/0'], elsewhere in memory: - (1.9s scan)
[  15.0s] 3 palettes, on screen: ['signin/30600/0'], elsewhere in memory: - (1.9s scan)
[  20.0s] 3 palettes, on screen: ['cws4/3500/0'], elsewhere in memory: - (1.9s scan)
[  25.0s] 3 palettes, on screen: ['cws4/3500/0'], elsewhere in memory: - (1.9s scan)
[  30.0s] 2 palettes, on screen: ['cws4/3500/0'], elsewhere in memory: - (1.9s scan)
[  35.0s] 3 palettes, on screen: ['cws4/3500/0'], elsewhere in memory: - (1.9s scan)
[  40.0s] 3 palettes, on screen: ['cws4/3500/0'], elsewhere in memory: - (1.9s scan)
[  45.0s] 3 palettes, on screen: ['cws4/3500/0'], elsewhere in memory: - (1.9s scan)
[  50.0s] 3 palettes, on screen: ['cws4/3500/0'], elsewhere in memory: - (1.9s scan)
[  55.0s] 3 palettes, on screen: ['cws4/3500/0'], elsewhere in memory: - (1.9s scan)
[  60.0s] 3 palettes, on screen: ['cws4/3500/0'], elsewhere in memory: - (1.9s scan)
[  65.0s] 3 palettes, on screen: ['cws4/3500/0'], elsewhere in memory: - (1.9s scan)
[  70.0s] 3 palettes, on screen: ['cws4/3500/0'], elsewhere in memory: - (1.9s scan)
[  75.0s] 3 palettes, on screen: ['cws4/3500/0'], elsewhere in memory: - (1.9s scan)
[  80.0s] 2 palettes, on screen: ['cloc06/7500/0'], elsewhere in memory: - (1.9s scan)
[  85.0s] 2 palettes, on screen: ['cloc06/7500/0'], elsewhere in memory: - (1.9s scan)
[  90.0s] 3 palettes, on screen: ['cws3/3000/0'], elsewhere in memory: - (1.9s scan)
[  95.0s] 3 palettes, on screen: ['cws3/3000/0'], elsewhere in memory: - (1.9s scan)
[ 100.0s] 2 palettes, on screen: ['cws3/3000/0'], elsewhere in memory: - (1.9s scan)
[ 105.0s] 3 palettes, on screen: ['cws3/3000/0'], elsewhere in memory: - (1.9s scan)
[ 110.0s] 3 palettes, on screen: ['cws3/3000/0'], elsewhere in memory: - (1.9s scan)
[ 115.0s] 3 palettes, on screen: ['cws3/3000/0'], elsewhere in memory: - (1.9s scan)
[ 120.0s] 3 palettes, on screen: ['cws3/3000/0'], elsewhere in memory: - (1.9s scan)
[ 125.0s] 3 palettes, on screen: ['cws3/3000/0'], elsewhere in memory: - (1.9s scan)
[ 130.0s] 3 palettes, on screen: ['cws3/3000/0'], elsewhere in memory: - (1.9s scan)
[ 135.0s] 3 palettes, on screen: ['cws3/3000/0'], elsewhere in memory: - (1.9s scan)
[ 140.0s] 3 palettes, on screen: ['cws3/3000/0'], elsewhere in memory: - (1.9s scan)
[ 145.0s] 3 palettes, on screen: ['cws3/3000/0'], elsewhere in memory: - (1.9s scan)
[ 150.0s] 3 palettes, on screen: ['cws3/3000/0'], elsewhere in memory: - (2.0s scan)
[ 155.0s] 3 palettes, on screen: ['cws3/3000/0'], elsewhere in memory: - (1.9s scan)
[ 160.0s] 3 palettes, on screen: ['cws3/3000/0'], elsewhere in memory: - (1.9s scan)
[ 165.0s] 2 palettes, on screen: ['cws3/3000/0'], elsewhere in memory: - (1.9s scan)
[ 170.0s] 3 palettes, on screen: ['cws3/3000/0'], elsewhere in memory: - (1.9s scan)
[ 175.0s] 3 palettes, on screen: ['cws3/3000/0'], elsewhere in memory: - (1.9s scan)
[ 180.0s] 3 palettes, on screen: ['cws2/2500/0'], elsewhere in memory: - (1.9s scan)
[ 185.0s] 3 palettes, on screen: ['cws2/2500/0'], elsewhere in memory: - (1.9s scan)
[ 190.0s] 3 palettes, on screen: ['cws2/2500/0'], elsewhere in memory: - (1.9s scan)
[ 195.0s] 3 palettes, on screen: ['cws2/2500/0'], elsewhere in memory: - (1.8s scan)
[ 200.0s] 2 palettes, on screen: ['cws2/2500/0'], elsewhere in memory: - (1.9s scan)
[ 205.0s] 3 palettes, on screen: ['cws2/2500/0'], elsewhere in memory: - (1.9s scan)
[ 210.0s] 2 palettes, on screen: ['cws2/2500/0'], elsewhere in memory: - (1.9s scan)
[ 215.0s] 3 palettes, on screen: ['cws2/2500/0'], elsewhere in memory: - (1.9s scan)
[ 220.0s] 2 palettes, on screen: ['cws2/2500/0'], elsewhere in memory: - (1.9s scan)
[ 225.0s] 3 palettes, on screen: ['cws2/2500/0'], elsewhere in memory: - (1.9s scan)
[ 230.0s] 3 palettes, on screen: ['cws2/2500/0'], elsewhere in memory: - (1.9s scan)
[ 235.0s] 2 palettes, on screen: ['cws2/2500/0'], elsewhere in memory: - (1.9s scan)
[ 240.0s] 3 palettes, on screen: ['cws1/2000/0'], elsewhere in memory: - (1.9s scan)
[ 245.0s] 3 palettes, on screen: ['cws1/2000/0'], elsewhere in memory: - (1.9s scan)
[ 250.0s] 3 palettes, on screen: ['cws1/2000/0'], elsewhere in memory: - (1.9s scan)
[ 255.0s] 3 palettes, on screen: ['cws1/2000/0'], elsewhere in memory: - (1.9s scan)
[ 260.0s] 3 palettes, on screen: ['cws1/2000/0'], elsewhere in memory: - (1.9s scan)
[ 265.0s] 3 palettes, on screen: ['cws1/2000/0'], elsewhere in memory: - (1.9s scan)
[ 270.0s] 3 palettes, on screen: ['cws1/2000/0'], elsewhere in memory: - (1.9s scan)
[ 275.0s] 3 palettes, on screen: ['cws1/2000/0'], elsewhere in memory: - (1.9s scan)
[ 280.0s] 3 palettes, on screen: ['cws1/2000/0'], elsewhere in memory: - (1.9s scan)
[ 285.0s] 3 palettes, on screen: ['cws1/2000/0'], elsewhere in memory: - (1.9s scan)
[ 290.0s] 3 palettes, on screen: ['cws1/2000/0'], elsewhere in memory: - (1.9s scan)
[ 295.0s] 3 palettes, on screen: ['cws1/2000/0'], elsewhere in memory: - (1.9s scan)
[ 300.0s] 3 palettes, on screen: ['cws1/2000/0'], elsewhere in memory: - (1.9s scan)
[ 305.0s] 2 palettes, on screen: ['cws1/2000/0'], elsewhere in memory: - (1.9s scan)
[ 310.0s] 3 palettes, on screen: ['cws4/3500/0'], elsewhere in memory: - (1.9s scan)
[ 315.0s] 3 palettes, on screen: ['cws4/3500/0'], elsewhere in memory: - (1.9s scan)
[ 320.0s] 3 palettes, on screen: ['cws4/3500/0'], elsewhere in memory: - (1.9s scan)
[ 325.0s] 4 palettes, on screen: ['chub/5000/0'], elsewhere in memory: - (1.9s scan)
[ 330.0s] 3 palettes, on screen: ['chub/5000/0'], elsewhere in memory: - (1.9s scan)
[ 335.0s] 4 palettes, on screen: ['chub/5000/0'], elsewhere in memory: - (1.9s scan)
[ 340.0s] 4 palettes, on screen: ['chub/5000/0'], elsewhere in memory: - (1.9s scan)
[ 345.0s] 4 palettes, on screen: ['chub/5000/0'], elsewhere in memory: - (1.9s scan)
[ 350.0s] 4 palettes, on screen: ['chub/5000/0'], elsewhere in memory: - (1.9s scan)
[ 355.0s] 4 palettes, on screen: ['chub/5000/0'], elsewhere in memory: - (1.9s scan)
[ 360.0s] 4 palettes, on screen: ['chub/5000/0'], elsewhere in memory: - (1.9s scan)
[ 365.0s] 3 palettes, on screen: ['chub/5000/0'], elsewhere in memory: - (1.9s scan)
[ 370.0s] 3 palettes, on screen: ['chub/5000/0'], elsewhere in memory: - (1.9s scan)
[ 375.0s] 3 palettes, on screen: ['chub/5000/0'], elsewhere in memory: - (1.9s scan)
[ 380.0s] 3 palettes, on screen: ['chub/5000/0'], elsewhere in memory: - (1.9s scan)
[ 385.0s] 3 palettes, on screen: ['chub/5000/0'], elsewhere in memory: - (1.9s scan)
[ 390.0s] 3 palettes, on screen: ['chub/5000/0'], elsewhere in memory: - (1.9s scan)
[ 395.0s] 3 palettes, on screen: ['chub/5000/0'], elsewhere in memory: - (1.9s scan)
[ 400.0s] 3 palettes, on screen: ['chub/5000/0'], elsewhere in memory: - (1.9s scan)
[ 405.0s] 3 palettes, on screen: ['chub/5000/0'], elsewhere in memory: - (1.9s scan)
[ 410.0s] 3 palettes, on screen: ['chub/5000/0'], elsewhere in memory: - (1.9s scan)
[ 415.0s] 3 palettes, on screen: ['chub/5000/0'], elsewhere in memory: - (1.9s scan)
[ 420.0s] 3 palettes, on screen: ['chub/5000/0'], elsewhere in memory: - (1.9s scan)
[ 425.0s] 3 palettes, on screen: ['chub/5000/0'], elsewhere in memory: - (1.9s scan)
[ 430.0s] 3 palettes, on screen: ['chub/5000/0'], elsewhere in memory: - (1.9s scan)
[ 435.0s] 3 palettes, on screen: ['chub/5000/0'], elsewhere in memory: - (1.9s scan)
[ 440.0s] 3 palettes, on screen: ['chub/5000/0'], elsewhere in memory: - (1.9s scan)
[ 445.0s] 3 palettes, on screen: ['chub/5000/0'], elsewhere in memory: - (1.9s scan)
[ 450.0s] 3 palettes, on screen: ['chub/5000/0'], elsewhere in memory: - (1.9s scan)
[ 455.0s] 3 palettes, on screen: ['chub/5000/0'], elsewhere in memory: - (1.9s scan)
[ 460.0s] 3 palettes, on screen: ['cloc02/7100/0'], elsewhere in memory: - (1.9s scan)
[ 465.0s] 3 palettes, on screen: ['cws4/3500/0'], elsewhere in memory: - (1.9s scan)
[ 470.0s] 3 palettes, on screen: ['cws4/3500/0'], elsewhere in memory: - (1.9s scan)
[ 475.0s] 3 palettes, on screen: ['cws4/3500/0'], elsewhere in memory: - (1.9s scan)
[ 480.0s] 3 palettes, on screen: ['cws4/3500/0'], elsewhere in memory: - (1.9s scan)
[ 485.0s] 3 palettes, on screen: ['cws4/3500/0'], elsewhere in memory: - (1.9s scan)
[ 490.0s] 3 palettes, on screen: ['cws4/3500/0'], elsewhere in memory: - (1.9s scan)
[ 495.0s] 3 palettes, on screen: ['cws4/3500/0'], elsewhere in memory: - (1.9s scan)
[ 500.0s] 3 palettes, on screen: ['cws4/3500/0'], elsewhere in memory: - (1.9s scan)
[ 505.0s] 3 palettes, on screen: ['cws4/3500/0'], elsewhere in memory: - (1.9s scan)
[ 510.0s] 3 palettes, on screen: ['cws4/3500/0'], elsewhere in memory: - (1.9s scan)
[ 515.0s] 3 palettes, on screen: ['cws4/3500/0'], elsewhere in memory: - (1.9s scan)
[ 520.0s] 3 palettes, on screen: ['cws4/3500/0'], elsewhere in memory: - (1.9s scan)
[ 525.0s] 3 palettes, on screen: ['cws4/3500/0'], elsewhere in memory: - (1.9s scan)
[ 530.0s] 3 palettes, on screen: ['cws4/3500/0'], elsewhere in memory: - (1.9s scan)
[ 535.0s] 3 palettes, on screen: ['cws4/3500/0'], elsewhere in memory: - (1.9s scan)
[ 540.0s] 3 palettes, on screen: ['cws4/3500/0'], elsewhere in memory: - (1.9s scan)
[ 545.0s] 3 palettes, on screen: ['cws4/3500/0'], elsewhere in memory: - (1.9s scan)
[ 550.0s] 3 palettes, on screen: ['cws4/3500/0'], elsewhere in memory: - (1.9s scan)
[ 555.0s] 3 palettes, on screen: ['cws4/3500/0'], elsewhere in memory: - (1.9s scan)
[ 560.0s] 3 palettes, on screen: ['cws4/3500/0'], elsewhere in memory: - (1.9s scan)
[ 565.0s] 3 palettes, on screen: ['cws1/2000/0'], elsewhere in memory: - (1.9s scan)
[ 570.0s] 3 palettes, on screen: ['cws1/2000/0'], elsewhere in memory: - (1.9s scan)
[ 575.0s] 3 palettes, on screen: ['cws1/2000/0'], elsewhere in memory: - (1.9s scan)
[ 580.0s] 3 palettes, on screen: ['cws1/2000/0'], elsewhere in memory: - (1.9s scan)
[ 585.0s] 3 palettes, on screen: ['cws1/2000/0'], elsewhere in memory: - (1.9s scan)
[ 590.0s] 3 palettes, on screen: ['cws1/2000/0'], elsewhere in memory: - (1.9s scan)
[ 595.0s] 2 palettes, on screen: ['cws1/2000/0'], elsewhere in memory: - (1.9s scan)
[ 600.0s] 3 palettes, on screen: ['cws1/2000/0'], elsewhere in memory: - (1.9s scan)
[ 605.0s] 3 palettes, on screen: ['cws1/2000/0'], elsewhere in memory: - (1.9s scan)
[ 610.0s] 3 palettes, on screen: ['cws1/2000/0'], elsewhere in memory: - (1.9s scan)
[ 615.0s] 3 palettes, on screen: ['cws1/2000/0'], elsewhere in memory: - (1.9s scan)
[ 620.0s] 3 palettes, on screen: ['cws1/2000/0'], elsewhere in memory: - (1.9s scan)
[ 625.0s] 3 palettes, on screen: ['cws2/2500/0'], elsewhere in memory: - (1.9s scan)
[ 630.0s] 3 palettes, on screen: ['cws2/2500/0'], elsewhere in memory: - (1.9s scan)
[ 635.0s] 3 palettes, on screen: ['cws2/2500/0'], elsewhere in memory: - (1.9s scan)
[ 640.0s] 3 palettes, on screen: ['cws2/2500/0'], elsewhere in memory: - (1.9s scan)
[ 645.0s] 3 palettes, on screen: ['cws2/2500/0'], elsewhere in memory: - (1.9s scan)
[ 650.0s] 3 palettes, on screen: ['cws2/2500/0'], elsewhere in memory: - (1.9s scan)
[ 655.0s] 3 palettes, on screen: ['cws3/3000/0'], elsewhere in memory: - (1.9s scan)
[ 660.0s] 3 palettes, on screen: ['cws3/3000/0'], elsewhere in memory: - (1.9s scan)
[ 665.0s] 3 palettes, on screen: ['cws3/3000/0'], elsewhere in memory: - (1.9s scan)
[ 670.0s] 3 palettes, on screen: ['cws3/3000/0'], elsewhere in memory: - (1.9s scan)
[ 675.0s] 3 palettes, on screen: ['cws3/3000/0'], elsewhere in memory: - (1.9s scan)
[ 680.0s] 3 palettes, on screen: ['cws3/3000/0'], elsewhere in memory: - (1.9s scan)
[ 685.0s] 3 palettes, on screen: ['cws3/3000/0'], elsewhere in memory: - (1.9s scan)
[ 690.0s] 3 palettes, on screen: ['cws3/3000/0'], elsewhere in memory: - (1.9s scan)
[ 695.0s] 3 palettes, on screen: ['cws3/3000/0'], elsewhere in memory: - (1.9s scan)
[ 700.0s] 3 palettes, on screen: ['cws3/3000/0'], elsewhere in memory: - (1.9s scan)
[ 705.0s] 2 palettes, on screen: ['cws3/3000/0'], elsewhere in memory: - (1.9s scan)
[ 710.0s] 3 palettes, on screen: ['cws3/3000/0'], elsewhere in memory: - (1.9s scan)
[ 715.0s] 3 palettes, on screen: ['cws3/3000/0'], elsewhere in memory: - (1.9s scan)
[ 720.0s] 3 palettes, on screen: ['cws3/3000/0'], elsewhere in memory: - (1.9s scan)
[ 725.0s] 3 palettes, on screen: ['cws3/3000/0'], elsewhere in memory: - (1.9s scan)
[ 730.0s] 3 palettes, on screen: ['cws3/3000/0'], elsewhere in memory: - (1.9s scan)
[ 735.0s] 3 palettes, on screen: ['cws3/3000/0'], elsewhere in memory: - (1.9s scan)
[ 740.0s] 3 palettes, on screen: ['cws3/3000/0'], elsewhere in memory: - (1.9s scan)
[ 745.0s] 2 palettes, on screen: ['cws3/3000/0'], elsewhere in memory: - (1.9s scan)
[ 750.0s] 4 palettes, on screen: ['chub/5000/0'], elsewhere in memory: - (1.9s scan)
[ 755.0s] 5 palettes, on screen: ['chub/5000/0'], elsewhere in memory: - (1.9s scan)
[ 760.0s] 4 palettes, on screen: ['chub/5000/0'], elsewhere in memory: - (1.9s scan)
[ 765.0s] 4 palettes, on screen: ['chub/5000/0'], elsewhere in memory: - (1.9s scan)
[ 770.0s] 4 palettes, on screen: ['chub/5000/0'], elsewhere in memory: - (1.9s scan)
[ 775.0s] 4 palettes, on screen: ['chub/5000/0'], elsewhere in memory: - (1.9s scan)
[ 780.0s] 3 palettes, on screen: ['chub/5000/0'], elsewhere in memory: - (1.9s scan)
[ 785.0s] 3 palettes, on screen: ['chub/5000/0'], elsewhere in memory: - (1.9s scan)
[ 790.0s] 3 palettes, on screen: ['chub/5000/0'], elsewhere in memory: - (1.9s scan)
[ 795.0s] 3 palettes, on screen: ['chub/5000/0'], elsewhere in memory: - (1.9s scan)
[ 800.0s] 3 palettes, on screen: ['chub/5000/0'], elsewhere in memory: - (1.9s scan)
[ 805.0s] 3 palettes, on screen: ['chub/5000/0'], elsewhere in memory: - (1.9s scan)
[ 810.0s] 3 palettes, on screen: ['chub/5000/0'], elsewhere in memory: - (1.9s scan)
[ 815.0s] 3 palettes, on screen: ['chub/5000/0'], elsewhere in memory: - (1.9s scan)
[ 820.0s] 3 palettes, on screen: ['chub/5000/0'], elsewhere in memory: - (1.9s scan)
[ 825.0s] 3 palettes, on screen: ['chub/5000/0'], elsewhere in memory: - (1.9s scan)
[ 830.0s] 3 palettes, on screen: ['chub/5000/0'], elsewhere in memory: - (1.9s scan)
[ 835.0s] 3 palettes, on screen: ['chub/5000/0'], elsewhere in memory: - (1.8s scan)
[ 840.0s] 2 palettes, on screen: ['chub/5000/0'], elsewhere in memory: - (1.9s scan)
[ 845.0s] 3 palettes, on screen: ['cws4/3500/0'], elsewhere in memory: - (1.9s scan)
[ 850.0s] 3 palettes, on screen: ['cws4/3500/0'], elsewhere in memory: - (1.9s scan)
[ 855.0s] 3 palettes, on screen: ['cws4/3500/0'], elsewhere in memory: - (1.9s scan)
[ 860.0s] 3 palettes, on screen: ['cws4/3500/0'], elsewhere in memory: - (1.9s scan)
[ 865.0s] 3 palettes, on screen: ['cws4/3500/0'], elsewhere in memory: - (1.9s scan)
[ 870.0s] 3 palettes, on screen: ['cws4/3500/0'], elsewhere in memory: - (1.9s scan)
[ 875.0s] 3 palettes, on screen: ['cws4/3500/0'], elsewhere in memory: - (1.9s scan)
[ 880.0s] 3 palettes, on screen: ['cws4/3500/0'], elsewhere in memory: - (1.9s scan)
[ 885.0s] 3 palettes, on screen: ['cws4/3500/0'], elsewhere in memory: - (1.9s scan)
[ 890.0s] 3 palettes, on screen: ['cws4/3500/0'], elsewhere in memory: - (1.9s scan)
[ 895.0s] 3 palettes, on screen: ['cws4/3500/0'], elsewhere in memory: - (1.9s scan)
[ 900.0s] 3 palettes, on screen: ['cws1/2000/0'], elsewhere in memory: - (1.9s scan)
[ 905.0s] 3 palettes, on screen: ['cws1/2000/0'], elsewhere in memory: - (1.9s scan)
[ 910.0s] 3 palettes, on screen: ['cws1/2000/0'], elsewhere in memory: - (1.9s scan)
[ 915.0s] 3 palettes, on screen: ['cws1/2000/0'], elsewhere in memory: - (1.9s scan)
[ 920.0s] 3 palettes, on screen: ['cws1/2000/0'], elsewhere in memory: - (1.9s scan)
[ 925.0s] 3 palettes, on screen: ['cws1/2000/0'], elsewhere in memory: - (1.9s scan)
[ 930.0s] 3 palettes, on screen: ['cws1/2000/0'], elsewhere in memory: - (1.9s scan)
[ 935.0s] 3 palettes, on screen: ['cws1/2000/0'], elsewhere in memory: - (1.9s scan)
[ 940.0s] 3 palettes, on screen: ['cws1/2000/0'], elsewhere in memory: - (1.9s scan)
[ 945.0s] 3 palettes, on screen: ['cws1/2000/0'], elsewhere in memory: - (1.9s scan)
[ 950.0s] 3 palettes, on screen: ['cws1/2000/0'], elsewhere in memory: - (1.9s scan)
[ 955.0s] 3 palettes, on screen: ['cws1/2000/0'], elsewhere in memory: - (1.9s scan)
[ 960.0s] 3 palettes, on screen: ['cws1/2000/0'], elsewhere in memory: - (1.9s scan)
[ 965.0s] 3 palettes, on screen: ['cws1/2000/0'], elsewhere in memory: - (1.9s scan)
[ 970.0s] 3 palettes, on screen: ['cloc03/7200/0'], elsewhere in memory: - (1.9s scan)
[ 975.0s] 3 palettes, on screen: ['cws2/2500/0'], elsewhere in memory: - (1.9s scan)
[ 980.0s] 3 palettes, on screen: ['cws2/2500/0'], elsewhere in memory: - (1.9s scan)
[ 985.0s] 3 palettes, on screen: ['cws2/2500/0'], elsewhere in memory: - (1.9s scan)
[ 990.0s] 3 palettes, on screen: ['cws2/2500/0'], elsewhere in memory: - (1.9s scan)
[ 995.0s] 3 palettes, on screen: ['cws2/2500/0'], elsewhere in memory: - (1.9s scan)
[1000.0s] 3 palettes, on screen: ['cws2/2500/0'], elsewhere in memory: - (1.9s scan)
[1005.0s] 3 palettes, on screen: ['cws2/2500/0'], elsewhere in memory: - (1.9s scan)
[1010.0s] 3 palettes, on screen: ['cws2/2500/0'], elsewhere in memory: - (1.9s scan)
[1015.0s] 3 palettes, on screen: ['cws2/2500/0'], elsewhere in memory: - (1.9s scan)
[1020.0s] 3 palettes, on screen: ['cws2/2500/0'], elsewhere in memory: - (1.9s scan)
[1025.0s] 3 palettes, on screen: ['cws3/3000/0'], elsewhere in memory: - (1.9s scan)
[1030.0s] 3 palettes, on screen: ['cws3/3000/0'], elsewhere in memory: - (1.9s scan)
[1035.0s] 3 palettes, on screen: ['cws3/3000/0'], elsewhere in memory: - (1.9s scan)
[1040.0s] 3 palettes, on screen: ['cws3/3000/0'], elsewhere in memory: - (1.9s scan)
[1045.0s] 3 palettes, on screen: ['cws3/3000/0'], elsewhere in memory: - (1.9s scan)
[1050.0s] 3 palettes, on screen: ['cws3/3000/0'], elsewhere in memory: - (1.9s scan)
[1055.0s] 3 palettes, on screen: ['cws3/3000/0'], elsewhere in memory: - (1.9s scan)
[1060.0s] 2 palettes, on screen: ['cws3/3000/0'], elsewhere in memory: - (1.9s scan)
[1065.0s] 3 palettes, on screen: ['cws3/3000/0'], elsewhere in memory: - (1.9s scan)
[1070.0s] 2 palettes, on screen: ['cws3/3000/0'], elsewhere in memory: - (1.9s scan)
[1075.0s] 3 palettes, on screen: ['cws3/3000/0'], elsewhere in memory: - (1.9s scan)
[1080.0s] 3 palettes, on screen: ['cws3/3000/0'], elsewhere in memory: - (1.9s scan)
[1085.0s] 3 palettes, on screen: ['cws3/3000/0'], elsewhere in memory: - (1.9s scan)
[1090.0s] 3 palettes, on screen: ['cws3/3000/0'], elsewhere in memory: - (1.9s scan)
[1095.0s] 3 palettes, on screen: ['cws3/3000/0'], elsewhere in memory: - (1.9s scan)
[1100.0s] 3 palettes, on screen: ['cws3/3000/0'], elsewhere in memory: - (1.9s scan)
[1105.0s] 3 palettes, on screen: ['cws3/3000/0'], elsewhere in memory: - (1.9s scan)
[1110.0s] 3 palettes, on screen: ['cws3/3000/0'], elsewhere in memory: - (1.9s scan)
[1115.0s] 3 palettes, on screen: ['cws3/3000/0'], elsewhere in memory: - (1.9s scan)
[1120.0s] 3 palettes, on screen: ['cws3/3000/0'], elsewhere in memory: - (1.9s scan)
[1125.0s] 3 palettes, on screen: ['cws3/3000/0'], elsewhere in memory: - (1.9s scan)
[1130.0s] 2 palettes, on screen: ['cws3/3000/0'], elsewhere in memory: - (1.9s scan)
[1135.0s] 3 palettes, on screen: ['cws3/3000/0'], elsewhere in memory: - (1.9s scan)
[1140.0s] 3 palettes, on screen: ['cws3/3000/0'], elsewhere in memory: - (1.9s scan)
[1145.0s] 3 palettes, on screen: ['cws3/3000/0'], elsewhere in memory: - (1.9s scan)
[1150.0s] 3 palettes, on screen: ['cws3/3000/0'], elsewhere in memory: - (1.9s scan)
[1155.0s] 2 palettes, on screen: ['cws3/3000/0'], elsewhere in memory: - (1.9s scan)
[1160.0s] 3 palettes, on screen: ['cws3/3000/0'], elsewhere in memory: - (1.9s scan)
[1165.0s] 3 palettes, on screen: ['cws4/3500/0'], elsewhere in memory: - (1.9s scan)
[1170.0s] 3 palettes, on screen: ['cws4/3500/0'], elsewhere in memory: - (1.9s scan)
[1175.0s] 3 palettes, on screen: ['cws4/3500/0'], elsewhere in memory: - (1.9s scan)
[1180.0s] 3 palettes, on screen: ['cws4/3500/0'], elsewhere in memory: - (1.9s scan)
[1185.0s] 2 palettes, on screen: ['cws4/3500/0'], elsewhere in memory: - (1.9s scan)
[1190.0s] 4 palettes, on screen: ['chub/5000/0'], elsewhere in memory: - (1.9s scan)
[1195.0s] 4 palettes, on screen: ['chub/5000/0'], elsewhere in memory: - (1.9s scan)
[1200.0s] 4 palettes, on screen: ['chub/5000/0'], elsewhere in memory: - (1.9s scan)
[1205.0s] 4 palettes, on screen: ['chub/5000/0'], elsewhere in memory: - (1.9s scan)
[1210.0s] 3 palettes, on screen: ['chub/5000/0'], elsewhere in memory: - (1.9s scan)
[1215.0s] 3 palettes, on screen: ['chub/5000/0'], elsewhere in memory: - (1.9s scan)
[1220.0s] 3 palettes, on screen: ['chub/5000/0'], elsewhere in memory: - (1.9s scan)
[1225.0s] 3 palettes, on screen: ['chub/5000/0'], elsewhere in memory: - (1.9s scan)
[1230.0s] 3 palettes, on screen: ['chub/5000/0'], elsewhere in memory: - (1.9s scan)
[1235.0s] 3 palettes, on screen: ['chub/5000/0'], elsewhere in memory: - (1.9s scan)
[1240.0s] 3 palettes, on screen: ['chub/5000/0'], elsewhere in memory: - (1.9s scan)
[1245.0s] 3 palettes, on screen: ['chub/5000/0'], elsewhere in memory: - (1.9s scan)
[1250.0s] 3 palettes, on screen: ['chub/5000/0'], elsewhere in memory: - (1.9s scan)
[1255.0s] 3 palettes, on screen: ['chub/5000/0'], elsewhere in memory: - (1.9s scan)
[1260.0s] 3 palettes, on screen: ['chub/5000/0'], elsewhere in memory: - (1.9s scan)
[1265.0s] 3 palettes, on screen: ['chub/5000/0'], elsewhere in memory: - (1.9s scan)
[1270.0s] 3 palettes, on screen: ['chub/5000/0'], elsewhere in memory: - (1.9s scan)
[1275.0s] 3 palettes, on screen: ['chub/5000/0'], elsewhere in memory: - (1.9s scan)
[1280.0s] 3 palettes, on screen: ['chub/5000/0'], elsewhere in memory: - (1.9s scan)
[1285.0s] 3 palettes, on screen: ['chub/5000/0'], elsewhere in memory: - (1.9s scan)
[1290.0s] 3 palettes, on screen: ['cws4/3500/0'], elsewhere in memory: - (1.9s scan)
[1295.0s] 3 palettes, on screen: ['cws4/3500/0'], elsewhere in memory: - (1.9s scan)
[1300.0s] 3 palettes, on screen: ['cws4/3500/0'], elsewhere in memory: - (1.9s scan)
[1305.0s] 3 palettes, on screen: ['cws4/3500/0'], elsewhere in memory: - (1.9s scan)
[1310.0s] 3 palettes, on screen: ['cws4/3500/0'], elsewhere in memory: - (1.9s scan)
[1315.0s] 3 palettes, on screen: ['cws4/3500/0'], elsewhere in memory: - (1.9s scan)
[1320.0s] 3 palettes, on screen: ['cws4/3500/0'], elsewhere in memory: - (1.9s scan)
[1325.0s] 3 palettes, on screen: ['cws4/3500/0'], elsewhere in memory: - (1.9s scan)
[1330.0s] 3 palettes, on screen: ['cws4/3500/0'], elsewhere in memory: - (1.9s scan)
[1335.0s] 3 palettes, on screen: ['cws4/3500/0'], elsewhere in memory: - (1.9s scan)
[1340.0s] 3 palettes, on screen: ['cws4/3500/0'], elsewhere in memory: - (1.9s scan)
[1345.0s] 3 palettes, on screen: ['cws4/3500/0'], elsewhere in memory: - (1.9s scan)
[1350.0s] 3 palettes, on screen: ['cws4/3500/0'], elsewhere in memory: - (1.9s scan)
[1355.0s] 3 palettes, on screen: ['cws4/3500/0'], elsewhere in memory: - (1.9s scan)
[1360.0s] 3 palettes, on screen: ['cws4/3500/0'], elsewhere in memory: - (1.9s scan)
[1365.0s] 3 palettes, on screen: ['cws4/3500/0'], elsewhere in memory: - (1.9s scan)
[1370.0s] 3 palettes, on screen: ['cws4/3500/0'], elsewhere in memory: - (1.9s scan)
[1375.0s] 3 palettes, on screen: ['cws4/3500/0'], elsewhere in memory: - (1.9s scan)
[1380.0s] 3 palettes, on screen: ['cws4/3500/0'], elsewhere in memory: - (1.9s scan)
[1385.0s] 3 palettes, on screen: ['cws1/2000/0'], elsewhere in memory: - (1.9s scan)
[1390.0s] 3 palettes, on screen: ['cws1/2000/0'], elsewhere in memory: - (2.0s scan)
[1395.0s] 3 palettes, on screen: ['cws1/2000/0'], elsewhere in memory: - (1.9s scan)
[1400.0s] 3 palettes, on screen: ['cws1/2000/0'], elsewhere in memory: - (1.9s scan)
[1405.0s] 3 palettes, on screen: ['cws1/2000/0'], elsewhere in memory: - (1.9s scan)
[1410.0s] 3 palettes, on screen: ['cws1/2000/0'], elsewhere in memory: - (1.9s scan)
[1415.0s] 3 palettes, on screen: ['cws1/2000/0'], elsewhere in memory: - (1.9s scan)
[1420.0s] 3 palettes, on screen: ['cws1/2000/0'], elsewhere in memory: - (1.9s scan)
[1425.0s] 3 palettes, on screen: ['cws1/2000/0'], elsewhere in memory: - (1.9s scan)
[1430.0s] 3 palettes, on screen: ['cws1/2000/0'], elsewhere in memory: - (1.9s scan)
[1435.0s] 3 palettes, on screen: ['cws1/2000/0'], elsewhere in memory: - (1.9s scan)
[1440.0s] 3 palettes, on screen: ['cws1/2000/0'], elsewhere in memory: - (1.9s scan)
[1445.0s] 3 palettes, on screen: ['cws1/2000/0'], elsewhere in memory: - (1.9s scan)
[1450.0s] 3 palettes, on screen: ['cws1/2000/0'], elsewhere in memory: - (1.9s scan)
[1455.0s] 3 palettes, on screen: ['cws1/2000/0'], elsewhere in memory: - (1.9s scan)
[1460.0s] 3 palettes, on screen: ['cws1/2000/0'], elsewhere in memory: - (1.9s scan)
[1465.0s] 3 palettes, on screen: ['cws1/2000/0'], elsewhere in memory: - (1.9s scan)
[1470.0s] 3 palettes, on screen: ['cws2/2500/0'], elsewhere in memory: - (1.9s scan)
[1475.0s] 3 palettes, on screen: ['cws2/2500/0'], elsewhere in memory: - (1.9s scan)
[1480.0s] 3 palettes, on screen: ['cws2/2500/0'], elsewhere in memory: - (1.9s scan)
[1485.0s] 3 palettes, on screen: ['cws2/2500/0'], elsewhere in memory: - (1.9s scan)
[1490.0s] 3 palettes, on screen: ['cws2/2500/0'], elsewhere in memory: - (1.9s scan)
[1495.0s] 3 palettes, on screen: ['cws2/2500/0'], elsewhere in memory: - (1.9s scan)
[1500.0s] 3 palettes, on screen: ['cws2/2500/0'], elsewhere in memory: - (2.0s scan)
[1505.0s] 3 palettes, on screen: ['cws2/2500/0'], elsewhere in memory: - (1.9s scan)
[1510.0s] 3 palettes, on screen: ['cws2/2500/0'], elsewhere in memory: - (1.9s scan)
[1515.0s] 3 palettes, on screen: ['cws2/2500/0'], elsewhere in memory: - (1.9s scan)
[1520.0s] 3 palettes, on screen: ['cws2/2500/0'], elsewhere in memory: - (1.9s scan)
[1525.0s] 2 palettes, on screen: ['cws2/2500/0'], elsewhere in memory: - (1.9s scan)
[1530.0s] 3 palettes, on screen: ['cws2/2500/0'], elsewhere in memory: - (1.9s scan)
[1535.0s] 3 palettes, on screen: ['cws2/2500/0'], elsewhere in memory: - (1.9s scan)
[1540.0s] 3 palettes, on screen: ['cws2/2500/0'], elsewhere in memory: - (1.9s scan)
[1545.0s] 3 palettes, on screen: ['cws2/2500/0'], elsewhere in memory: - (1.9s scan)
[1550.0s] 3 palettes, on screen: ['cws2/2500/0'], elsewhere in memory: - (1.9s scan)
[1555.0s] 3 palettes, on screen: ['cws3/3000/0'], elsewhere in memory: - (1.9s scan)
[1560.0s] 3 palettes, on screen: ['cws3/3000/0'], elsewhere in memory: - (1.9s scan)
[1565.0s] 3 palettes, on screen: ['cws3/3000/0'], elsewhere in memory: - (1.9s scan)
[1570.0s] 3 palettes, on screen: ['cws3/3000/0'], elsewhere in memory: - (1.9s scan)
[1575.0s] 3 palettes, on screen: ['cws3/3000/0'], elsewhere in memory: - (1.9s scan)
[1580.0s] 3 palettes, on screen: ['cws3/3000/0'], elsewhere in memory: - (1.9s scan)
[1585.0s] 3 palettes, on screen: ['cws3/3000/0'], elsewhere in memory: - (1.9s scan)
[1590.0s] 3 palettes, on screen: ['cws3/3000/0'], elsewhere in memory: - (1.9s scan)
[1595.0s] 3 palettes, on screen: ['cws3/3000/0'], elsewhere in memory: - (1.9s scan)
[1600.0s] 3 palettes, on screen: ['cws3/3000/0'], elsewhere in memory: - (1.9s scan)
[1605.0s] 2 palettes, on screen: ['cws3/3000/0'], elsewhere in memory: - (1.9s scan)
[1610.0s] 2 palettes, on screen: ['cws3/3000/0'], elsewhere in memory: - (1.9s scan)
[1615.0s] 3 palettes, on screen: ['cws3/3000/0'], elsewhere in memory: - (1.9s scan)
[1620.0s] 3 palettes, on screen: ['cws3/3000/0'], elsewhere in memory: - (1.9s scan)
[1625.0s] 3 palettes, on screen: ['cws3/3000/0'], elsewhere in memory: - (1.9s scan)
[1630.0s] 3 palettes, on screen: ['cws3/3000/0'], elsewhere in memory: - (1.9s scan)
[1635.0s] 4 palettes, on screen: ['chub/5000/0'], elsewhere in memory: - (1.9s scan)
[1640.0s] 4 palettes, on screen: ['chub/5000/0'], elsewhere in memory: - (1.9s scan)
[1645.0s] 4 palettes, on screen: ['chub/5000/0'], elsewhere in memory: - (1.9s scan)
[1650.0s] 4 palettes, on screen: ['chub/5000/0'], elsewhere in memory: - (1.9s scan)
[1655.0s] 3 palettes, on screen: ['chub/5000/0'], elsewhere in memory: - (1.9s scan)
[1660.0s] 4 palettes, on screen: ['chub/5000/0'], elsewhere in memory: - (1.9s scan)
[1665.0s] 4 palettes, on screen: ['chub/5000/0'], elsewhere in memory: - (1.9s scan)
[1670.0s] 4 palettes, on screen: ['chub/5000/0'], elsewhere in memory: - (1.9s scan)
[1675.0s] 3 palettes, on screen: ['chub/5000/0'], elsewhere in memory: - (1.9s scan)
[1680.0s] 2 palettes, on screen: ['chub/5000/0'], elsewhere in memory: - (1.9s scan)
[1685.0s] 3 palettes, on screen: ['chub/5000/0'], elsewhere in memory: - (1.9s scan)
[1690.0s] 3 palettes, on screen: ['chub/5000/0'], elsewhere in memory: - (1.9s scan)
[1695.0s] 2 palettes, on screen: ['chub/5000/0'], elsewhere in memory: - (1.9s scan)
[1700.0s] 3 palettes, on screen: ['chub/5000/0'], elsewhere in memory: - (1.9s scan)
[1705.0s] 3 palettes, on screen: ['chub/5000/0'], elsewhere in memory: - (1.9s scan)
[1710.0s] 3 palettes, on screen: ['chub/5000/0'], elsewhere in memory: - (1.9s scan)
[1715.0s] 2 palettes, on screen: ['cloc02/7100/0'], elsewhere in memory: - (1.9s scan)
[1720.0s] 3 palettes, on screen: ['cloc01/7000/0'], elsewhere in memory: - (1.9s scan)
[1725.0s] 2 palettes, on screen: ['cloc01/7000/0'], elsewhere in memory: - (1.9s scan)
  cloc14/8200/0: palette 8d23df4368da score 0.812 (runner-up 1.263614783837861)
[1730.0s] 3 palettes, on screen: ['cloc14/8200/0'], elsewhere in memory: - (1.9s scan)
[1735.0s] 3 palettes, on screen: ['cma/6000/0'], elsewhere in memory: - (1.9s scan)
[1740.0s] 3 palettes, on screen: ['cma/6000/0'], elsewhere in memory: - (1.9s scan)
[1745.0s] 3 palettes, on screen: ['cma/6000/0'], elsewhere in memory: - (1.9s scan)
[1750.0s] 3 palettes, on screen: ['cma/6000/0'], elsewhere in memory: - (1.9s scan)
[1755.0s] 3 palettes, on screen: ['cma/6000/0'], elsewhere in memory: - (1.9s scan)
[1760.0s] 2 palettes, on screen: ['cma/6000/0'], elsewhere in memory: - (1.9s scan)
[1765.0s] 3 palettes, on screen: ['cma/6000/0'], elsewhere in memory: - (1.9s scan)
[1770.0s] 3 palettes, on screen: ['cma/6000/0'], elsewhere in memory: - (1.9s scan)
[1775.0s] 3 palettes, on screen: ['cma/6000/0'], elsewhere in memory: - (1.9s scan)
[1780.0s] 3 palettes, on screen: ['cma/6000/0'], elsewhere in memory: - (1.9s scan)
[1785.0s] 3 palettes, on screen: ['cma/6000/0'], elsewhere in memory: - (1.9s scan)
[1790.0s] 3 palettes, on screen: ['cma/6000/0'], elsewhere in memory: - (1.9s scan)
[1795.0s] 3 palettes, on screen: ['cma/6000/0'], elsewhere in memory: - (1.9s scan)
[1800.0s] 3 palettes, on screen: ['cma/6000/0'], elsewhere in memory: - (1.9s scan)
[1805.0s] 4 palettes, on screen: ['cma/6000/0'], elsewhere in memory: - (1.9s scan)
[1810.0s] 3 palettes, on screen: ['cma/6000/0'], elsewhere in memory: - (1.9s scan)
[1815.0s] 3 palettes, on screen: ['cma/6000/0'], elsewhere in memory: - (1.9s scan)
[1820.0s] 3 palettes, on screen: ['cma/6000/0'], elsewhere in memory: - (1.9s scan)
[1825.0s] 2 palettes, on screen: ['cma/6000/0'], elsewhere in memory: - (1.9s scan)
  cba2/4500/0: palette 221f793de447 score 0.422 (runner-up 1.0687689468488275)
[1830.0s] 3 palettes, on screen: ['cba2/4500/0'], elsewhere in memory: - (2.0s scan)
[1835.0s] 3 palettes, on screen: ['cba2/4500/0'], elsewhere in memory: - (1.9s scan)
[1840.0s] 3 palettes, on screen: ['cba2/4500/0'], elsewhere in memory: - (1.9s scan)
[1845.0s] 3 palettes, on screen: ['cba2/4500/0'], elsewhere in memory: - (1.9s scan)
[1850.0s] 3 palettes, on screen: ['cba2/4500/0'], elsewhere in memory: - (1.9s scan)
[1855.0s] 3 palettes, on screen: ['cba2/4500/0'], elsewhere in memory: - (1.9s scan)
[1860.0s] 3 palettes, on screen: ['cba2/4500/0'], elsewhere in memory: - (1.9s scan)
[1865.0s] 3 palettes, on screen: ['cba2/4500/0'], elsewhere in memory: - (1.9s scan)
[1870.0s] 3 palettes, on screen: ['cba2/4500/0'], elsewhere in memory: - (1.9s scan)
[1875.0s] 4 palettes, on screen: ['cba2/4500/0'], elsewhere in memory: - (1.9s scan)
[1880.0s] 4 palettes, on screen: ['cba2/4500/0'], elsewhere in memory: - (1.9s scan)
[1885.0s] 4 palettes, on screen: ['cba2/4500/0'], elsewhere in memory: - (1.9s scan)
[1890.0s] 4 palettes, on screen: ['cba2/4500/0'], elsewhere in memory: - (1.9s scan)
  ohub/15000/0: palette 996979489567 score 0.259 (runner-up 1.0669009553070552)
  oloc03/17200/0: palette 996979489567 score 0.418 (runner-up 0.9298672495249619)
[1895.0s] 3 palettes, on screen: ['ohub/15000/0', 'oloc03/17200/0'], elsewhere in memory: - (2.0s scan)
[1900.0s] 3 palettes, on screen: ['ohub/15000/0', 'oloc03/17200/0'], elsewhere in memory: - (1.9s scan)
[1905.0s] 3 palettes, on screen: ['ohub/15000/0', 'oloc03/17200/0'], elsewhere in memory: - (1.9s scan)
[1910.0s] 3 palettes, on screen: ['ohub/15000/0', 'oloc03/17200/0'], elsewhere in memory: - (1.9s scan)
[1915.0s] 3 palettes, on screen: ['ohub/15000/0', 'oloc03/17200/0'], elsewhere in memory: - (1.9s scan)
[1920.0s] 3 palettes, on screen: ['ohub/15000/0', 'oloc03/17200/0'], elsewhere in memory: - (1.9s scan)
[1925.0s] 2 palettes, on screen: ['ohub/15000/0', 'oloc03/17200/0'], elsewhere in memory: - (1.9s scan)
[1930.0s] 3 palettes, on screen: ['ohub/15000/0', 'oloc03/17200/0'], elsewhere in memory: - (1.9s scan)
[1935.0s] 3 palettes, on screen: ['ohub/15000/0', 'oloc03/17200/0'], elsewhere in memory: - (1.9s scan)
[1940.0s] 3 palettes, on screen: ['ohub/15000/0', 'oloc03/17200/0'], elsewhere in memory: - (1.9s scan)
[1945.0s] 3 palettes, on screen: ['ohub/15000/0', 'oloc03/17200/0'], elsewhere in memory: - (1.9s scan)
[1950.0s] 3 palettes, on screen: ['ohub/15000/0', 'oloc03/17200/0'], elsewhere in memory: - (1.9s scan)
[1955.0s] 2 palettes, on screen: ['ohub/15000/0', 'oloc03/17200/0'], elsewhere in memory: - (1.9s scan)
  oloc04/17300/0: palette 9415d918f58a score 0.233 (runner-up 1.2391130702108182)
[1960.0s] 2 palettes, on screen: ['oloc04/17300/0'], elsewhere in memory: - (2.0s scan)
[1965.0s] 3 palettes, on screen: ['ohub/15000/0', 'oloc03/17200/0'], elsewhere in memory: - (1.9s scan)
  oloc05/17400/0: palette f94ad8a68485 score 0.161 (runner-up 1.1238908142268018)
[1970.0s] 3 palettes, on screen: ['oloc05/17400/0'], elsewhere in memory: - (1.9s scan)
[1975.0s] 2 palettes, on screen: ['oloc05/17400/0'], elsewhere in memory: - (1.9s scan)
[1980.0s] 2 palettes, on screen: ['ohub/15000/0', 'oloc03/17200/0'], elsewhere in memory: - (1.9s scan)
[1985.0s] 3 palettes, on screen: ['oloc04/17300/0'], elsewhere in memory: - (1.9s scan)
[1990.0s] 2 palettes, on screen: ['ohub/15000/0', 'oloc03/17200/0'], elsewhere in memory: - (1.9s scan)
  oloc02/17100/0: palette 7c5a0ac7aaed score 0.213 (runner-up 1.02519233994879)
[1995.0s] 3 palettes, on screen: ['oloc02/17100/0'], elsewhere in memory: - (1.9s scan)
  oloc06/17500/0: palette ac36bf8a93b0 score 0.295 (runner-up 1.0190200366715252)
[2000.0s] 3 palettes, on screen: ['oloc06/17500/0'], elsewhere in memory: - (1.9s scan)
[2005.0s] 3 palettes, on screen: ['ows1/12000/0'], elsewhere in memory: - (1.9s scan)
[2010.0s] 3 palettes, on screen: ['ows1/12000/0'], elsewhere in memory: - (1.9s scan)
[2015.0s] 3 palettes, on screen: ['ows1/12000/0'], elsewhere in memory: - (1.9s scan)
[2020.0s] 2 palettes, on screen: ['ows1/12000/0'], elsewhere in memory: - (1.9s scan)
[2025.0s] 2 palettes, on screen: ['ows1/12000/0'], elsewhere in memory: - (2.0s scan)
[2030.0s] 2 palettes, on screen: ['ows1/12000/0'], elsewhere in memory: - (1.9s scan)
[2035.0s] 2 palettes, on screen: ['ows1/12000/0'], elsewhere in memory: - (1.9s scan)
[2040.0s] 2 palettes, on screen: ['ows1/12000/0'], elsewhere in memory: - (1.9s scan)
[2045.0s] 2 palettes, on screen: ['ows1/12000/0'], elsewhere in memory: - (1.9s scan)
[2050.0s] 3 palettes, on screen: ['ows1/12000/0'], elsewhere in memory: - (2.0s scan)
[2055.0s] 3 palettes, on screen: ['ows1/12000/0'], elsewhere in memory: - (1.9s scan)
[2060.0s] 3 palettes, on screen: ['ows1/12000/0'], elsewhere in memory: - (1.9s scan)
[2065.0s] 3 palettes, on screen: ['ows1/12000/0'], elsewhere in memory: - (1.9s scan)
[2070.0s] 3 palettes, on screen: ['ows1/12000/0'], elsewhere in memory: - (1.9s scan)
[2075.0s] 3 palettes, on screen: ['ows1/12000/0'], elsewhere in memory: - (1.9s scan)
[2080.0s] 3 palettes, on screen: ['ows1/12000/0'], elsewhere in memory: - (1.9s scan)
[2085.0s] 3 palettes, on screen: ['ows1/12000/0'], elsewhere in memory: - (1.9s scan)
[2090.0s] 3 palettes, on screen: ['ows1/12000/0'], elsewhere in memory: - (2.0s scan)
[2095.0s] 3 palettes, on screen: ['ows1/12000/0'], elsewhere in memory: - (2.0s scan)
[2100.0s] 3 palettes, on screen: ['ows1/12000/0'], elsewhere in memory: - (1.9s scan)
[2105.0s] 3 palettes, on screen: ['ows1/12000/0'], elsewhere in memory: - (1.9s scan)
[2110.0s] 3 palettes, on screen: ['ows1/12000/0'], elsewhere in memory: - (1.9s scan)
  laptrap/30520/0: palette bf3f6a084ccb score 1.034 (runner-up 1.3744721595218494)
[2115.0s] 3 palettes, on screen: ['laptrap/30520/0', 'ows1/12000/0'], elsewhere in memory: - (1.9s scan)
[2120.0s] 3 palettes, on screen: ['ows1/12000/0'], elsewhere in memory: - (1.9s scan)
[2125.0s] 3 palettes, on screen: ['oloc06/17500/0'], elsewhere in memory: - (2.0s scan)
  ows4/13500/0: palette 7eac3363d10a score 0.520 (runner-up 0.8676888414660714)
[2130.0s] 3 palettes, on screen: ['ows4/13500/0'], elsewhere in memory: - (1.9s scan)
[2135.0s] 3 palettes, on screen: ['ows4/13500/0'], elsewhere in memory: - (1.9s scan)
[2140.0s] 3 palettes, on screen: ['ows4/13500/0'], elsewhere in memory: - (1.9s scan)
[2145.0s] 3 palettes, on screen: ['ows4/13500/0'], elsewhere in memory: - (1.9s scan)
[2150.0s] 3 palettes, on screen: ['ows4/13500/0'], elsewhere in memory: - (1.9s scan)
[2155.0s] 3 palettes, on screen: ['ows4/13500/0'], elsewhere in memory: - (1.9s scan)
[2160.0s] 3 palettes, on screen: ['ows4/13500/0'], elsewhere in memory: - (1.9s scan)
[2165.0s] 3 palettes, on screen: ['ows4/13500/0'], elsewhere in memory: - (1.9s scan)
[2170.0s] 3 palettes, on screen: ['ows4/13500/0'], elsewhere in memory: - (1.9s scan)
[2175.0s] 3 palettes, on screen: ['ows4/13500/0'], elsewhere in memory: - (1.9s scan)
[2180.0s] 3 palettes, on screen: ['ows4/13500/0'], elsewhere in memory: - (2.0s scan)
[2185.0s] 3 palettes, on screen: ['ows4/13500/0'], elsewhere in memory: - (1.9s scan)
[2190.0s] 3 palettes, on screen: ['ows4/13500/0'], elsewhere in memory: - (1.9s scan)
[2195.0s] 3 palettes, on screen: ['ows4/13500/0'], elsewhere in memory: - (1.9s scan)
[2200.0s] 3 palettes, on screen: ['oloc06/17500/0'], elsewhere in memory: - (1.9s scan)
  oloc07/17600/0: palette d0f80d7f9d22 score 0.218 (runner-up 0.967396071762309)
[2205.0s] 3 palettes, on screen: ['oloc07/17600/0'], elsewhere in memory: - (2.0s scan)
  oloc08/17700/0: palette e1353d0c10e1 score 0.228 (runner-up 0.9684439631314202)
[2210.0s] 3 palettes, on screen: ['oloc08/17700/0'], elsewhere in memory: - (2.0s scan)
[2215.0s] 3 palettes, on screen: ['ows2/12500/0'], elsewhere in memory: - (1.9s scan)
[2220.0s] 3 palettes, on screen: ['ows2/12500/0'], elsewhere in memory: - (1.9s scan)
[2225.0s] 3 palettes, on screen: ['ows2/12500/0'], elsewhere in memory: - (1.9s scan)
[2230.0s] 3 palettes, on screen: ['ows2/12500/0'], elsewhere in memory: - (1.9s scan)
[2235.0s] 3 palettes, on screen: ['ows2/12500/0'], elsewhere in memory: - (1.9s scan)
[2240.0s] 3 palettes, on screen: ['ows2/12500/0'], elsewhere in memory: - (2.0s scan)
[2245.0s] 3 palettes, on screen: ['ows2/12500/0'], elsewhere in memory: - (1.9s scan)
[2250.0s] 2 palettes, on screen: ['ows2/12500/0'], elsewhere in memory: - (1.9s scan)
[2255.0s] 3 palettes, on screen: ['ows2/12500/0'], elsewhere in memory: - (1.9s scan)
[2260.0s] 2 palettes, on screen: ['ows2/12500/0'], elsewhere in memory: - (1.9s scan)
[2265.0s] 3 palettes, on screen: ['ows2/12500/0'], elsewhere in memory: - (2.0s scan)
[2270.0s] 3 palettes, on screen: ['ows2/12500/0'], elsewhere in memory: - (2.0s scan)
[2275.0s] 3 palettes, on screen: ['ows2/12500/0'], elsewhere in memory: - (2.0s scan)
[2280.0s] 3 palettes, on screen: ['ows2/12500/0'], elsewhere in memory: - (1.9s scan)
[2285.0s] 3 palettes, on screen: ['ows2/12500/0'], elsewhere in memory: - (2.0s scan)
[2290.0s] 3 palettes, on screen: ['ows2/12500/0'], elsewhere in memory: - (2.0s scan)
[2295.0s] 3 palettes, on screen: ['ows2/12500/0'], elsewhere in memory: - (1.9s scan)
[2300.0s] 3 palettes, on screen: ['ows2/12500/0'], elsewhere in memory: - (2.0s scan)
[2305.0s] 3 palettes, on screen: ['ows2/12500/0'], elsewhere in memory: - (1.9s scan)
[2310.0s] 3 palettes, on screen: ['ows2/12500/0'], elsewhere in memory: - (1.9s scan)
[2315.0s] 3 palettes, on screen: ['ows2/12500/0'], elsewhere in memory: - (1.9s scan)
[2320.0s] 3 palettes, on screen: ['ows2/12500/0'], elsewhere in memory: - (1.9s scan)
[2325.0s] 3 palettes, on screen: ['ows2/12500/0'], elsewhere in memory: - (1.9s scan)
[2330.0s] 3 palettes, on screen: ['ows2/12500/0'], elsewhere in memory: - (1.9s scan)
[2335.0s] 3 palettes, on screen: ['ows2/12500/0'], elsewhere in memory: - (1.9s scan)
[2340.0s] 3 palettes, on screen: ['ows2/12500/0'], elsewhere in memory: - (1.9s scan)
[2345.0s] 3 palettes, on screen: ['ows2/12500/0'], elsewhere in memory: - (1.9s scan)
[2350.0s] 3 palettes, on screen: ['ows2/12500/0'], elsewhere in memory: - (1.9s scan)
[2355.0s] 3 palettes, on screen: ['ows2/12500/0'], elsewhere in memory: - (1.9s scan)
[2360.0s] 3 palettes, on screen: ['ows2/12500/0'], elsewhere in memory: - (1.9s scan)
[2365.0s] 3 palettes, on screen: ['ows2/12500/0'], elsewhere in memory: - (1.9s scan)
[2370.0s] 3 palettes, on screen: ['ows2/12500/0'], elsewhere in memory: - (1.9s scan)
[2375.0s] 3 palettes, on screen: ['ows2/12500/0'], elsewhere in memory: - (1.9s scan)
[2380.0s] 3 palettes, on screen: ['ows3/13000/0'], elsewhere in memory: - (1.9s scan)
[2385.0s] 3 palettes, on screen: ['ows3/13000/0'], elsewhere in memory: - (1.9s scan)
[2390.0s] 3 palettes, on screen: ['ows3/13000/0'], elsewhere in memory: - (1.9s scan)
[2395.0s] 3 palettes, on screen: ['ows3/13000/0'], elsewhere in memory: - (1.9s scan)
[2400.0s] 3 palettes, on screen: ['ows3/13000/0'], elsewhere in memory: - (1.9s scan)
[2405.0s] 3 palettes, on screen: ['ows3/13000/0'], elsewhere in memory: - (1.9s scan)
[2410.0s] 3 palettes, on screen: ['ows3/13000/0'], elsewhere in memory: - (1.9s scan)
[2415.0s] 3 palettes, on screen: ['ows3/13000/0'], elsewhere in memory: - (1.9s scan)
[2420.0s] 3 palettes, on screen: ['ows3/13000/0'], elsewhere in memory: - (1.9s scan)
[2425.0s] 3 palettes, on screen: ['ows3/13000/0'], elsewhere in memory: - (1.9s scan)
[2430.0s] 2 palettes, on screen: ['ows3/13000/0'], elsewhere in memory: - (2.0s scan)
[2435.0s] 3 palettes, on screen: ['ohub/15000/0', 'oloc03/17200/0'], elsewhere in memory: - (1.9s scan)
[2440.0s] 3 palettes, on screen: ['ohub/15000/0', 'oloc03/17200/0'], elsewhere in memory: - (1.9s scan)
[2445.0s] 3 palettes, on screen: ['ohub/15000/0', 'oloc03/17200/0'], elsewhere in memory: - (2.0s scan)
[2450.0s] 3 palettes, on screen: ['ohub/15000/0', 'oloc03/17200/0'], elsewhere in memory: - (2.0s scan)
[2455.0s] 3 palettes, on screen: ['ohub/15000/0', 'oloc03/17200/0'], elsewhere in memory: - (1.9s scan)
[2460.0s] 3 palettes, on screen: ['ohub/15000/0', 'oloc03/17200/0'], elsewhere in memory: - (1.9s scan)
[2465.0s] 3 palettes, on screen: ['ohub/15000/0', 'oloc03/17200/0'], elsewhere in memory: - (1.9s scan)
[2470.0s] 3 palettes, on screen: ['ohub/15000/0', 'oloc03/17200/0'], elsewhere in memory: - (1.9s scan)
[2475.0s] 3 palettes, on screen: ['ohub/15000/0', 'oloc03/17200/0'], elsewhere in memory: - (1.9s scan)
[2480.0s] 3 palettes, on screen: ['ohub/15000/0', 'oloc03/17200/0'], elsewhere in memory: - (1.9s scan)
[2485.0s] 3 palettes, on screen: ['ohub/15000/0', 'oloc03/17200/0'], elsewhere in memory: - (2.0s scan)
[2490.0s] 3 palettes, on screen: ['ohub/15000/0', 'oloc03/17200/0'], elsewhere in memory: - (2.0s scan)
[2495.0s] 3 palettes, on screen: ['ohub/15000/0', 'oloc03/17200/0'], elsewhere in memory: - (2.0s scan)
[2500.0s] 3 palettes, on screen: ['laptrap/30520/0', 'ohub/15000/0', 'oloc03/17200/0'], elsewhere in memory: - (1.9s scan)
[2505.0s] 3 palettes, on screen: ['ows1/12000/0'], elsewhere in memory: - (1.9s scan)
[2510.0s] 3 palettes, on screen: ['ows1/12000/0'], elsewhere in memory: - (2.0s scan)
[2515.0s] 3 palettes, on screen: ['ows1/12000/0'], elsewhere in memory: - (1.9s scan)
[2520.0s] 3 palettes, on screen: ['ows1/12000/0'], elsewhere in memory: - (1.9s scan)
[2525.0s] 3 palettes, on screen: ['ows1/12000/0'], elsewhere in memory: - (1.9s scan)
[2530.0s] 3 palettes, on screen: ['ows1/12000/0'], elsewhere in memory: - (1.9s scan)
[2535.0s] 3 palettes, on screen: ['ows1/12000/0'], elsewhere in memory: - (1.9s scan)
[2540.0s] 3 palettes, on screen: ['ows1/12000/0'], elsewhere in memory: - (1.9s scan)
[2545.0s] 3 palettes, on screen: ['ows1/12000/0'], elsewhere in memory: - (1.9s scan)
[2550.0s] 3 palettes, on screen: ['ows1/12000/0'], elsewhere in memory: - (2.0s scan)
[2555.0s] 3 palettes, on screen: ['ows1/12000/0'], elsewhere in memory: - (1.9s scan)
[2560.0s] 2 palettes, on screen: ['ows1/12000/0'], elsewhere in memory: - (1.9s scan)
[2565.0s] 3 palettes, on screen: ['ows1/12000/0'], elsewhere in memory: - (1.9s scan)
[2570.0s] 3 palettes, on screen: ['ows1/12000/0'], elsewhere in memory: - (1.9s scan)
[2575.0s] 3 palettes, on screen: ['ows1/12000/0'], elsewhere in memory: - (1.9s scan)
[2580.0s] 3 palettes, on screen: ['ows1/12000/0'], elsewhere in memory: - (1.9s scan)
[2585.0s] 3 palettes, on screen: ['ows1/12000/0'], elsewhere in memory: - (1.9s scan)
[2590.0s] 3 palettes, on screen: ['ows1/12000/0'], elsewhere in memory: - (2.0s scan)
[2595.0s] 3 palettes, on screen: ['ows1/12000/0'], elsewhere in memory: - (1.9s scan)
[2600.0s] 3 palettes, on screen: ['ows1/12000/0'], elsewhere in memory: - (1.9s scan)
[2605.0s] 3 palettes, on screen: ['ows1/12000/0'], elsewhere in memory: - (2.0s scan)
[2610.0s] 3 palettes, on screen: ['ows1/12000/0'], elsewhere in memory: - (1.9s scan)
[2615.0s] 3 palettes, on screen: ['ows1/12000/0'], elsewhere in memory: - (2.0s scan)
[2620.0s] 3 palettes, on screen: ['ows4/13500/0'], elsewhere in memory: - (1.9s scan)
[2625.0s] 3 palettes, on screen: ['ows4/13500/0'], elsewhere in memory: - (1.9s scan)
[2630.0s] 2 palettes, on screen: ['ows4/13500/0'], elsewhere in memory: - (1.9s scan)
[2635.0s] 3 palettes, on screen: ['ows4/13500/0'], elsewhere in memory: - (1.9s scan)
[2640.0s] 3 palettes, on screen: ['laptrap/30520/0', 'ows4/13500/0'], elsewhere in memory: - (2.0s scan)
[2645.0s] 3 palettes, on screen: ['ows2/12500/0'], elsewhere in memory: - (1.9s scan)
[2650.0s] 3 palettes, on screen: ['ows2/12500/0'], elsewhere in memory: - (1.9s scan)
[2655.0s] 3 palettes, on screen: ['ows2/12500/0'], elsewhere in memory: - (1.9s scan)
[2660.0s] 3 palettes, on screen: ['ows2/12500/0'], elsewhere in memory: - (1.9s scan)
[2665.0s] 2 palettes, on screen: ['ows2/12500/0'], elsewhere in memory: - (2.0s scan)
[2670.0s] 3 palettes, on screen: ['ows2/12500/0'], elsewhere in memory: - (1.9s scan)
[2675.0s] 3 palettes, on screen: ['ows2/12500/0'], elsewhere in memory: - (1.9s scan)
[2680.0s] 3 palettes, on screen: ['ows2/12500/0'], elsewhere in memory: - (1.9s scan)
[2685.0s] 3 palettes, on screen: ['ows2/12500/0'], elsewhere in memory: - (1.9s scan)
[2690.0s] 3 palettes, on screen: ['ows2/12500/0'], elsewhere in memory: - (1.9s scan)
[2695.0s] 3 palettes, on screen: ['ows2/12500/0'], elsewhere in memory: - (1.9s scan)
[2700.0s] 3 palettes, on screen: ['ows2/12500/0'], elsewhere in memory: - (1.9s scan)
[2705.0s] 3 palettes, on screen: ['ows2/12500/0'], elsewhere in memory: - (1.9s scan)
[2710.0s] 3 palettes, on screen: ['ows2/12500/0'], elsewhere in memory: - (1.9s scan)
[2715.0s] 3 palettes, on screen: ['ows2/12500/0'], elsewhere in memory: - (1.9s scan)
[2720.0s] 3 palettes, on screen: ['ows2/12500/0'], elsewhere in memory: - (1.9s scan)
[2725.0s] 3 palettes, on screen: ['ows2/12500/0'], elsewhere in memory: - (1.9s scan)
[2730.0s] 3 palettes, on screen: ['ows2/12500/0'], elsewhere in memory: - (1.9s scan)
[2735.0s] 3 palettes, on screen: ['ows2/12500/0'], elsewhere in memory: - (2.0s scan)
[2740.0s] 3 palettes, on screen: ['ows2/12500/0'], elsewhere in memory: - (1.9s scan)
[2745.0s] 3 palettes, on screen: ['ows2/12500/0'], elsewhere in memory: - (1.9s scan)
[2750.0s] 3 palettes, on screen: ['ows2/12500/0'], elsewhere in memory: - (1.9s scan)
[2755.0s] 3 palettes, on screen: ['ows2/12500/0'], elsewhere in memory: - (1.9s scan)
[2760.0s] 3 palettes, on screen: ['ows2/12500/0'], elsewhere in memory: - (1.9s scan)
[2765.0s] 3 palettes, on screen: ['ows2/12500/0'], elsewhere in memory: - (2.0s scan)
[2770.0s] 3 palettes, on screen: ['ows2/12500/0'], elsewhere in memory: - (1.9s scan)
[2775.0s] 3 palettes, on screen: ['ows2/12500/0'], elsewhere in memory: - (1.9s scan)
[2780.0s] 3 palettes, on screen: ['ows2/12500/0'], elsewhere in memory: - (1.9s scan)
[2785.0s] 3 palettes, on screen: ['laptrap/30520/0', 'ows2/12500/0'], elsewhere in memory: - (2.0s scan)
[2790.0s] 3 palettes, on screen: ['ows3/13000/0'], elsewhere in memory: - (1.9s scan)
[2795.0s] 3 palettes, on screen: ['ows3/13000/0'], elsewhere in memory: - (2.0s scan)
[2800.0s] 3 palettes, on screen: ['ows3/13000/0'], elsewhere in memory: - (1.9s scan)
[2805.0s] 3 palettes, on screen: ['ows3/13000/0'], elsewhere in memory: - (1.9s scan)
[2810.0s] 3 palettes, on screen: ['ows3/13000/0'], elsewhere in memory: - (1.9s scan)
[2815.0s] 4 palettes, on screen: ['ohub/15000/0', 'oloc03/17200/0'], elsewhere in memory: - (1.9s scan)
[2820.0s] 4 palettes, on screen: ['ohub/15000/0', 'oloc03/17200/0'], elsewhere in memory: - (1.9s scan)
[2825.0s] 4 palettes, on screen: ['ohub/15000/0', 'oloc03/17200/0'], elsewhere in memory: - (1.9s scan)
[2830.0s] 4 palettes, on screen: ['ohub/15000/0', 'oloc03/17200/0'], elsewhere in memory: - (2.0s scan)
[2835.0s] 4 palettes, on screen: ['ohub/15000/0', 'oloc03/17200/0'], elsewhere in memory: - (2.1s scan)
[2840.0s] 4 palettes, on screen: ['ohub/15000/0', 'oloc03/17200/0'], elsewhere in memory: - (2.0s scan)
[2845.0s] 4 palettes, on screen: ['ohub/15000/0', 'oloc03/17200/0'], elsewhere in memory: - (1.9s scan)
[2850.0s] 4 palettes, on screen: ['ohub/15000/0', 'oloc03/17200/0'], elsewhere in memory: - (1.9s scan)
[2855.0s] 4 palettes, on screen: ['ohub/15000/0', 'oloc03/17200/0'], elsewhere in memory: - (1.9s scan)
[2860.0s] 4 palettes, on screen: ['ohub/15000/0', 'oloc03/17200/0'], elsewhere in memory: - (1.9s scan)
[2865.0s] 4 palettes, on screen: ['ohub/15000/0', 'oloc03/17200/0'], elsewhere in memory: - (1.9s scan)
[2870.0s] 4 palettes, on screen: ['ohub/15000/0', 'oloc03/17200/0'], elsewhere in memory: - (1.9s scan)
[2875.0s] 3 palettes, on screen: ['ohub/15000/0', 'oloc03/17200/0'], elsewhere in memory: - (2.0s scan)
[2880.0s] 3 palettes, on screen: ['ohub/15000/0', 'oloc03/17200/0'], elsewhere in memory: - (2.1s scan)
  ohub/15001/0: palette ab7fc3a145e8 score 0.903 (runner-up 0.9510278556422411)
  ohub/15004/0: palette ab7fc3a145e8 score 0.875 (runner-up 0.9760535867969287)
[2885.0s] 3 palettes, on screen: ['ohub/15001/0', 'ohub/15004/0'], elsewhere in memory: - (2.0s scan)
[2890.0s] 3 palettes, on screen: ['ohub/15001/0', 'ohub/15004/0'], elsewhere in memory: - (1.9s scan)
[2895.0s] 3 palettes, on screen: ['ohub/15001/0', 'ohub/15004/0'], elsewhere in memory: - (1.9s scan)
[2900.0s] 3 palettes, on screen: ['ohub/15001/0', 'ohub/15004/0'], elsewhere in memory: - (1.9s scan)
[2905.0s] 3 palettes, on screen: ['ohub/15001/0', 'ohub/15004/0'], elsewhere in memory: - (1.9s scan)
[2910.0s] 3 palettes, on screen: ['ohub/15001/0', 'ohub/15004/0'], elsewhere in memory: - (1.9s scan)
[2915.0s] 3 palettes, on screen: ['ohub/15001/0', 'ohub/15004/0'], elsewhere in memory: - (1.9s scan)
[2920.0s] 3 palettes, on screen: ['ohub/15001/0', 'ohub/15004/0'], elsewhere in memory: - (1.9s scan)
[2925.0s] 3 palettes, on screen: ['ohub/15001/0', 'ohub/15004/0'], elsewhere in memory: - (1.9s scan)
[2930.0s] 3 palettes, on screen: ['ohub/15001/0', 'ohub/15004/0'], elsewhere in memory: - (1.9s scan)
[2935.0s] 3 palettes, on screen: ['ohub/15001/0', 'ohub/15004/0'], elsewhere in memory: - (1.9s scan)
[2940.0s] 3 palettes, on screen: ['laptrap/30520/0', 'ohub/15001/0', 'ohub/15004/0'], elsewhere in memory: - (2.0s scan)
[2945.0s] 3 palettes, on screen: ['ows1/12000/0'], elsewhere in memory: - (1.9s scan)
[2950.0s] 3 palettes, on screen: ['ows1/12000/0'], elsewhere in memory: - (1.9s scan)
[2955.0s] 3 palettes, on screen: ['ows1/12000/0'], elsewhere in memory: - (1.9s scan)
[2960.0s] 3 palettes, on screen: ['ows1/12000/0'], elsewhere in memory: - (1.9s scan)
[2965.0s] 3 palettes, on screen: ['ows1/12000/0'], elsewhere in memory: - (1.9s scan)
[2970.0s] 3 palettes, on screen: ['ows1/12000/0'], elsewhere in memory: - (1.9s scan)
[2975.0s] 3 palettes, on screen: ['ows1/12000/0'], elsewhere in memory: - (1.9s scan)
[2980.0s] 3 palettes, on screen: ['ows1/12000/0'], elsewhere in memory: - (1.9s scan)
[2985.0s] 3 palettes, on screen: ['ows1/12000/0'], elsewhere in memory: - (1.9s scan)
[2990.0s] 3 palettes, on screen: ['ows1/12000/0'], elsewhere in memory: - (1.9s scan)
[2995.0s] 3 palettes, on screen: ['ows1/12000/0'], elsewhere in memory: - (1.9s scan)
[3000.0s] 3 palettes, on screen: ['ows1/12000/0'], elsewhere in memory: - (1.9s scan)
[3005.0s] 3 palettes, on screen: ['ows1/12000/0'], elsewhere in memory: - (1.9s scan)
[3010.0s] 3 palettes, on screen: ['ows1/12000/0'], elsewhere in memory: - (1.9s scan)
[3015.0s] 3 palettes, on screen: ['ows1/12000/0'], elsewhere in memory: - (1.9s scan)
[3020.0s] 2 palettes, on screen: ['ows1/12000/0'], elsewhere in memory: - (1.9s scan)
[3025.0s] 2 palettes, on screen: ['ows1/12000/0'], elsewhere in memory: - (1.9s scan)
[3030.0s] 3 palettes, on screen: ['ows1/12000/0'], elsewhere in memory: - (1.9s scan)
[3035.0s] 3 palettes, on screen: ['ows1/12000/0'], elsewhere in memory: - (1.9s scan)
[3040.0s] 3 palettes, on screen: ['ows1/12000/0'], elsewhere in memory: - (1.9s scan)
[3045.0s] 3 palettes, on screen: ['ows1/12000/0'], elsewhere in memory: - (1.9s scan)
[3050.0s] 3 palettes, on screen: ['ows1/12000/0'], elsewhere in memory: - (1.9s scan)
[3055.0s] 3 palettes, on screen: ['ows1/12000/0'], elsewhere in memory: - (1.9s scan)
[3060.0s] 3 palettes, on screen: ['ows1/12000/0'], elsewhere in memory: - (1.9s scan)
[3065.0s] 3 palettes, on screen: ['ows1/12000/0'], elsewhere in memory: - (1.9s scan)
[3070.0s] 3 palettes, on screen: ['laptrap/30520/0', 'ows1/12000/0'], elsewhere in memory: - (2.0s scan)
[3075.0s] 3 palettes, on screen: ['ows4/13500/0'], elsewhere in memory: - (1.9s scan)
[3080.0s] 3 palettes, on screen: ['ows4/13500/0'], elsewhere in memory: - (1.9s scan)
[3085.0s] 3 palettes, on screen: ['ows4/13500/0'], elsewhere in memory: - (1.9s scan)
[3090.0s] 3 palettes, on screen: ['ows4/13500/0'], elsewhere in memory: - (2.0s scan)
[3095.0s] 3 palettes, on screen: ['ows4/13500/0'], elsewhere in memory: - (2.0s scan)
[3100.0s] 3 palettes, on screen: ['ows2/12500/0'], elsewhere in memory: - (1.9s scan)
[3105.0s] 3 palettes, on screen: ['ows2/12500/0'], elsewhere in memory: - (1.9s scan)
[3110.0s] 3 palettes, on screen: ['ows2/12500/0'], elsewhere in memory: - (2.0s scan)
[3115.0s] 3 palettes, on screen: ['ows2/12500/0'], elsewhere in memory: - (1.9s scan)
[3120.0s] 2 palettes, on screen: ['ows2/12500/0'], elsewhere in memory: - (2.0s scan)
[3125.0s] 3 palettes, on screen: ['ows2/12500/0'], elsewhere in memory: - (1.9s scan)
[3130.0s] 3 palettes, on screen: ['ows2/12500/0'], elsewhere in memory: - (2.0s scan)
[3135.0s] 3 palettes, on screen: ['ows2/12500/0'], elsewhere in memory: - (2.0s scan)
[3140.0s] 3 palettes, on screen: ['ows2/12500/0'], elsewhere in memory: - (1.9s scan)
[3145.0s] 3 palettes, on screen: ['ows2/12500/0'], elsewhere in memory: - (1.9s scan)
[3150.0s] 3 palettes, on screen: ['ows2/12500/0'], elsewhere in memory: - (1.9s scan)
[3155.0s] 3 palettes, on screen: ['ows2/12500/0'], elsewhere in memory: - (1.9s scan)
[3160.0s] 3 palettes, on screen: ['ows2/12500/0'], elsewhere in memory: - (2.0s scan)
[3165.0s] 3 palettes, on screen: ['ows2/12500/0'], elsewhere in memory: - (1.9s scan)
[3170.0s] 3 palettes, on screen: ['ows2/12500/0'], elsewhere in memory: - (1.9s scan)
[3175.0s] 3 palettes, on screen: ['ows2/12500/0'], elsewhere in memory: - (1.9s scan)
[3180.0s] 3 palettes, on screen: ['ows2/12500/0'], elsewhere in memory: - (1.9s scan)
[3185.0s] 3 palettes, on screen: ['ows2/12500/0'], elsewhere in memory: - (1.9s scan)
[3190.0s] 3 palettes, on screen: ['ows2/12500/0'], elsewhere in memory: - (1.9s scan)
[3195.0s] 3 palettes, on screen: ['ows2/12500/0'], elsewhere in memory: - (2.0s scan)
[3200.0s] 3 palettes, on screen: ['ows2/12500/0'], elsewhere in memory: - (2.0s scan)
[3205.0s] 3 palettes, on screen: ['ows2/12500/0'], elsewhere in memory: - (1.9s scan)
[3210.0s] 3 palettes, on screen: ['ows2/12500/0'], elsewhere in memory: - (1.9s scan)
[3215.0s] 3 palettes, on screen: ['ows2/12500/0'], elsewhere in memory: - (1.9s scan)
[3220.0s] 3 palettes, on screen: ['ows2/12500/0'], elsewhere in memory: - (1.9s scan)
[3225.0s] 3 palettes, on screen: ['ows2/12500/0'], elsewhere in memory: - (1.9s scan)
[3230.0s] 3 palettes, on screen: ['ows2/12500/0'], elsewhere in memory: - (1.9s scan)
[3235.0s] 3 palettes, on screen: ['ows2/12500/0'], elsewhere in memory: - (1.9s scan)
[3240.0s] 2 palettes, on screen: ['ows2/12500/0'], elsewhere in memory: - (1.9s scan)
[3245.0s] 3 palettes, on screen: ['ows2/12500/0'], elsewhere in memory: - (1.9s scan)
[3250.0s] 3 palettes, on screen: ['ows2/12500/0'], elsewhere in memory: - (2.0s scan)
[3255.0s] 3 palettes, on screen: ['ows2/12500/0'], elsewhere in memory: - (1.9s scan)
[3260.0s] 3 palettes, on screen: ['ows2/12500/0'], elsewhere in memory: - (1.9s scan)
[3265.0s] 3 palettes, on screen: ['ows2/12500/0'], elsewhere in memory: - (1.9s scan)
[3270.0s] 3 palettes, on screen: ['ows2/12500/0'], elsewhere in memory: - (1.9s scan)
[3275.0s] 2 palettes, on screen: ['ows2/12500/0'], elsewhere in memory: - (1.9s scan)
[3280.0s] 2 palettes, on screen: ['ows2/12500/0'], elsewhere in memory: - (1.9s scan)
[3285.0s] 3 palettes, on screen: ['ows2/12500/0'], elsewhere in memory: - (2.0s scan)
[3290.0s] 3 palettes, on screen: ['ows2/12500/0'], elsewhere in memory: - (2.0s scan)
[3295.0s] 3 palettes, on screen: ['ows3/13000/0'], elsewhere in memory: - (1.9s scan)
[3300.0s] 3 palettes, on screen: ['ows3/13000/0'], elsewhere in memory: - (2.0s scan)
[3305.0s] 3 palettes, on screen: ['ows3/13000/0'], elsewhere in memory: - (1.9s scan)
[3310.0s] 3 palettes, on screen: ['ows3/13000/0'], elsewhere in memory: - (1.9s scan)
[3315.0s] 3 palettes, on screen: ['ows3/13000/0'], elsewhere in memory: - (2.0s scan)
[3320.1s] 3 palettes, on screen: ['ows3/13000/0'], elsewhere in memory: - (1.9s scan)
[3325.1s] 3 palettes, on screen: ['ows3/13000/0'], elsewhere in memory: - (1.9s scan)
[3330.1s] 3 palettes, on screen: ['ows3/13000/0'], elsewhere in memory: - (2.0s scan)
[3335.1s] 3 palettes, on screen: ['ows3/13000/0'], elsewhere in memory: - (2.0s scan)
[3340.1s] 3 palettes, on screen: ['ows3/13000/0'], elsewhere in memory: - (2.0s scan)
[3345.1s] 3 palettes, on screen: ['ows1/12000/0'], elsewhere in memory: - (1.9s scan)
[3350.1s] 3 palettes, on screen: ['ows1/12000/0'], elsewhere in memory: - (1.9s scan)
[3355.1s] 3 palettes, on screen: ['ows1/12000/0'], elsewhere in memory: - (1.9s scan)
[3360.1s] 3 palettes, on screen: ['ows1/12000/0'], elsewhere in memory: - (1.9s scan)
[3365.1s] 3 palettes, on screen: ['ows1/12000/0'], elsewhere in memory: - (1.9s scan)
[3370.1s] 3 palettes, on screen: ['ows1/12000/0'], elsewhere in memory: - (1.9s scan)
[3375.1s] 3 palettes, on screen: ['ows1/12000/0'], elsewhere in memory: - (1.9s scan)
[3380.1s] 3 palettes, on screen: ['ows1/12000/0'], elsewhere in memory: - (1.9s scan)
[3385.1s] 2 palettes, on screen: ['ows1/12000/0'], elsewhere in memory: - (1.9s scan)
[3390.1s] 4 palettes, on screen: ['ohub/15000/0', 'oloc03/17200/0'], elsewhere in memory: - (2.0s scan)
[3395.1s] 4 palettes, on screen: ['ohub/15000/0', 'oloc03/17200/0'], elsewhere in memory: - (1.9s scan)
[3400.1s] 4 palettes, on screen: ['ohub/15000/0', 'oloc03/17200/0'], elsewhere in memory: - (1.9s scan)
[3405.1s] 4 palettes, on screen: ['ohub/15000/0', 'oloc03/17200/0'], elsewhere in memory: - (1.9s scan)
[3410.1s] 4 palettes, on screen: ['ohub/15000/0', 'oloc03/17200/0'], elsewhere in memory: - (1.9s scan)
[3415.1s] 4 palettes, on screen: ['ohub/15000/0', 'oloc03/17200/0'], elsewhere in memory: - (1.9s scan)
[3420.1s] 2 palettes, on screen: ['ohub/15000/0', 'oloc03/17200/0'], elsewhere in memory: - (2.0s scan)
  ohub/15002/0: palette ab7fc3a145e8 score 0.900 (runner-up 1.225652086174534)
[3425.1s] 2 palettes, on screen: ['ohub/15002/0', 'ohub/15004/0'], elsewhere in memory: - (2.0s scan)
[3430.1s] 3 palettes, on screen: ['ohub/15002/0', 'ohub/15004/0'], elsewhere in memory: - (1.9s scan)
[3435.1s] 3 palettes, on screen: ['ohub/15002/0', 'ohub/15004/0'], elsewhere in memory: - (2.0s scan)
[3440.1s] 3 palettes, on screen: ['ohub/15002/0', 'ohub/15004/0'], elsewhere in memory: - (1.9s scan)
[3445.1s] 3 palettes, on screen: ['ohub/15002/0', 'ohub/15004/0'], elsewhere in memory: - (1.9s scan)
[3450.1s] 3 palettes, on screen: ['ohub/15002/0', 'ohub/15004/0'], elsewhere in memory: - (1.9s scan)
[3455.1s] 3 palettes, on screen: ['ohub/15002/0', 'ohub/15004/0'], elsewhere in memory: - (2.0s scan)
[3460.1s] 2 palettes, on screen: ['ohub/15002/0', 'ohub/15004/0'], elsewhere in memory: - (2.0s scan)
  ohub/15003/0: palette ab7fc3a145e8 score 0.885 (runner-up 1.236023060211956)
[3465.1s] 2 palettes, on screen: ['ohub/15003/0', 'ohub/15004/0'], elsewhere in memory: - (2.0s scan)
[3470.1s] 3 palettes, on screen: ['ows1/12000/0'], elsewhere in memory: - (1.9s scan)
[3475.1s] 3 palettes, on screen: ['ows1/12000/0'], elsewhere in memory: - (1.9s scan)
[3480.1s] 3 palettes, on screen: ['ows1/12000/0'], elsewhere in memory: - (1.9s scan)
[3485.1s] 3 palettes, on screen: ['ows1/12000/0'], elsewhere in memory: - (1.9s scan)
[3490.1s] 3 palettes, on screen: ['ows1/12000/0'], elsewhere in memory: - (1.9s scan)
[3495.1s] 3 palettes, on screen: ['ows1/12000/0'], elsewhere in memory: - (1.9s scan)
[3500.1s] 3 palettes, on screen: ['ows1/12000/0'], elsewhere in memory: - (1.9s scan)
[3505.1s] 3 palettes, on screen: ['ows1/12000/0'], elsewhere in memory: - (1.9s scan)
[3510.1s] 3 palettes, on screen: ['ows1/12000/0'], elsewhere in memory: - (2.0s scan)
[3515.1s] 3 palettes, on screen: ['ows1/12000/0'], elsewhere in memory: - (1.9s scan)
[3520.1s] 3 palettes, on screen: ['ows1/12000/0'], elsewhere in memory: - (2.0s scan)
[3525.1s] 3 palettes, on screen: ['ows1/12000/0'], elsewhere in memory: - (1.9s scan)
[3530.1s] 3 palettes, on screen: ['ows1/12000/0'], elsewhere in memory: - (1.9s scan)
[3535.1s] 3 palettes, on screen: ['ows1/12000/0'], elsewhere in memory: - (2.0s scan)
[3540.1s] 3 palettes, on screen: ['ows1/12000/0'], elsewhere in memory: - (1.9s scan)
[3545.1s] 3 palettes, on screen: ['ows1/12000/0'], elsewhere in memory: - (1.9s scan)
[3550.1s] 3 palettes, on screen: ['ows1/12000/0'], elsewhere in memory: - (2.0s scan)
[3555.1s] 3 palettes, on screen: ['ows1/12000/0'], elsewhere in memory: - (2.0s scan)
[3560.1s] 3 palettes, on screen: ['ows1/12000/0'], elsewhere in memory: - (1.9s scan)
[3565.1s] 3 palettes, on screen: ['ows1/12000/0'], elsewhere in memory: - (1.9s scan)
[3570.1s] 3 palettes, on screen: ['ows1/12000/0'], elsewhere in memory: - (2.0s scan)
[3575.1s] 3 palettes, on screen: ['ows1/12000/0'], elsewhere in memory: - (1.9s scan)
[3580.1s] 3 palettes, on screen: ['ows1/12000/0'], elsewhere in memory: - (2.0s scan)
[3585.1s] 3 palettes, on screen: ['ows1/12000/0'], elsewhere in memory: - (2.0s scan)
[3590.1s] 2 palettes, on screen: ['ows1/12000/0'], elsewhere in memory: - (1.9s scan)
[3595.1s] 2 palettes, on screen: ['ows4/13500/0'], elsewhere in memory: - (1.9s scan)
[3600.1s] 3 palettes, on screen: ['ows4/13500/0'], elsewhere in memory: - (2.0s scan)
[3605.1s] 3 palettes, on screen: ['ows4/13500/0'], elsewhere in memory: - (1.9s scan)
[3610.1s] 2 palettes, on screen: ['ows4/13500/0'], elsewhere in memory: - (2.0s scan)
[3615.1s] 3 palettes, on screen: ['ows4/13500/0'], elsewhere in memory: - (2.0s scan)
[3620.1s] 3 palettes, on screen: ['ows4/13500/0'], elsewhere in memory: - (1.9s scan)
[3625.1s] 3 palettes, on screen: ['ows4/13500/0'], elsewhere in memory: - (1.9s scan)
[3630.1s] 3 palettes, on screen: ['ows4/13500/0'], elsewhere in memory: - (1.9s scan)
[3635.1s] 3 palettes, on screen: ['ows4/13500/0'], elsewhere in memory: - (1.9s scan)
[3640.1s] 3 palettes, on screen: ['ows2/12500/0'], elsewhere in memory: - (1.9s scan)
[3645.1s] 3 palettes, on screen: ['ows2/12500/0'], elsewhere in memory: - (1.9s scan)
[3650.1s] 3 palettes, on screen: ['ows2/12500/0'], elsewhere in memory: - (1.9s scan)
[3655.1s] 3 palettes, on screen: ['ows2/12500/0'], elsewhere in memory: - (1.9s scan)
[3660.1s] 3 palettes, on screen: ['ows2/12500/0'], elsewhere in memory: - (1.9s scan)
[3665.1s] 3 palettes, on screen: ['ows2/12500/0'], elsewhere in memory: - (1.9s scan)
[3670.1s] 3 palettes, on screen: ['ows2/12500/0'], elsewhere in memory: - (1.9s scan)
[3675.1s] 3 palettes, on screen: ['ows2/12500/0'], elsewhere in memory: - (1.9s scan)
[3680.1s] 3 palettes, on screen: ['ows2/12500/0'], elsewhere in memory: - (1.9s scan)
[3685.1s] 3 palettes, on screen: ['ows2/12500/0'], elsewhere in memory: - (2.0s scan)
[3690.1s] 3 palettes, on screen: ['ows2/12500/0'], elsewhere in memory: - (1.9s scan)
[3695.1s] 3 palettes, on screen: ['ows2/12500/0'], elsewhere in memory: - (1.9s scan)
[3700.1s] 3 palettes, on screen: ['ows2/12500/0'], elsewhere in memory: - (1.9s scan)
[3705.1s] 3 palettes, on screen: ['ows2/12500/0'], elsewhere in memory: - (1.9s scan)
[3710.1s] 3 palettes, on screen: ['ows2/12500/0'], elsewhere in memory: - (1.9s scan)
[3715.1s] 3 palettes, on screen: ['ows2/12500/0'], elsewhere in memory: - (1.9s scan)
[3720.1s] 3 palettes, on screen: ['ows2/12500/0'], elsewhere in memory: - (1.9s scan)
[3725.1s] 3 palettes, on screen: ['ows2/12500/0'], elsewhere in memory: - (1.9s scan)
[3730.1s] 3 palettes, on screen: ['ows2/12500/0'], elsewhere in memory: - (1.9s scan)
[3735.1s] 3 palettes, on screen: ['ows2/12500/0'], elsewhere in memory: - (1.9s scan)
[3740.1s] 3 palettes, on screen: ['ows2/12500/0'], elsewhere in memory: - (1.9s scan)
[3745.1s] 3 palettes, on screen: ['ows2/12500/0'], elsewhere in memory: - (1.9s scan)
[3750.1s] 3 palettes, on screen: ['ows2/12500/0'], elsewhere in memory: - (1.9s scan)
[3755.1s] 3 palettes, on screen: ['ows2/12500/0'], elsewhere in memory: - (1.9s scan)
[3760.1s] 3 palettes, on screen: ['ows2/12500/0'], elsewhere in memory: - (1.9s scan)
[3765.1s] 3 palettes, on screen: ['ows2/12500/0'], elsewhere in memory: - (1.9s scan)
[3770.1s] 3 palettes, on screen: ['ows2/12500/0'], elsewhere in memory: - (1.9s scan)
[3775.1s] 3 palettes, on screen: ['ows2/12500/0'], elsewhere in memory: - (1.9s scan)
[3780.1s] 3 palettes, on screen: ['ows2/12500/0'], elsewhere in memory: - (1.9s scan)
[3785.1s] 2 palettes, on screen: ['ows3/13000/0'], elsewhere in memory: - (1.9s scan)
[3790.1s] 3 palettes, on screen: ['ows3/13000/0'], elsewhere in memory: - (1.9s scan)
[3795.1s] 3 palettes, on screen: ['ows3/13000/0'], elsewhere in memory: - (1.9s scan)
[3800.1s] 3 palettes, on screen: ['ows3/13000/0'], elsewhere in memory: - (1.9s scan)
[3805.1s] 2 palettes, on screen: ['ows3/13000/0'], elsewhere in memory: - (1.9s scan)
[3810.1s] 3 palettes, on screen: ['ows3/13000/0'], elsewhere in memory: - (1.9s scan)
[3815.1s] 3 palettes, on screen: ['ows3/13000/0'], elsewhere in memory: - (1.9s scan)
[3820.1s] 3 palettes, on screen: ['ows3/13000/0'], elsewhere in memory: - (1.9s scan)
[3825.1s] 3 palettes, on screen: ['ows3/13000/0'], elsewhere in memory: - (1.9s scan)
[3830.1s] 3 palettes, on screen: ['ows3/13000/0'], elsewhere in memory: - (1.9s scan)
[3835.1s] 3 palettes, on screen: ['ows3/13000/0'], elsewhere in memory: - (1.9s scan)
[3840.1s] 3 palettes, on screen: ['ows3/13000/0'], elsewhere in memory: - (1.9s scan)
[3845.1s] 3 palettes, on screen: ['ows3/13000/0'], elsewhere in memory: - (1.9s scan)
[3850.1s] 4 palettes, on screen: ['ohub/15000/0', 'oloc03/17200/0'], elsewhere in memory: - (1.9s scan)
[3855.1s] 4 palettes, on screen: ['ohub/15000/0', 'oloc03/17200/0'], elsewhere in memory: - (1.9s scan)
[3860.1s] 4 palettes, on screen: ['ohub/15000/0', 'oloc03/17200/0'], elsewhere in memory: - (1.9s scan)
[3865.1s] 4 palettes, on screen: ['ohub/15000/0', 'oloc03/17200/0'], elsewhere in memory: - (1.9s scan)
[3870.1s] 4 palettes, on screen: ['ohub/15000/0', 'oloc03/17200/0'], elsewhere in memory: - (1.9s scan)
[3875.1s] 4 palettes, on screen: ['ohub/15000/0', 'oloc03/17200/0'], elsewhere in memory: - (2.0s scan)
[3880.1s] 4 palettes, on screen: ['ohub/15000/0', 'oloc03/17200/0'], elsewhere in memory: - (1.9s scan)
[3885.1s] 4 palettes, on screen: ['ohub/15000/0', 'oloc03/17200/0'], elsewhere in memory: - (1.9s scan)
[3890.1s] 4 palettes, on screen: ['ohub/15000/0', 'oloc03/17200/0'], elsewhere in memory: - (1.9s scan)
[3895.1s] 2 palettes, on screen: ['ohub/15000/0', 'oloc03/17200/0'], elsewhere in memory: - (1.9s scan)
[3900.1s] 3 palettes, on screen: ['ohub/15003/0', 'ohub/15004/0'], elsewhere in memory: - (1.9s scan)
[3905.1s] 3 palettes, on screen: ['ohub/15003/0', 'ohub/15004/0'], elsewhere in memory: - (1.9s scan)
[3910.1s] 3 palettes, on screen: ['ohub/15003/0', 'ohub/15004/0'], elsewhere in memory: - (1.9s scan)
[3915.1s] 3 palettes, on screen: ['ohub/15003/0', 'ohub/15004/0'], elsewhere in memory: - (1.9s scan)
[3920.1s] 3 palettes, on screen: ['ohub/15003/0', 'ohub/15004/0'], elsewhere in memory: - (1.9s scan)
[3925.1s] 3 palettes, on screen: ['ohub/15003/0', 'ohub/15004/0'], elsewhere in memory: - (1.9s scan)
[3930.1s] 3 palettes, on screen: ['ohub/15003/0', 'ohub/15004/0'], elsewhere in memory: - (2.0s scan)
[3935.1s] 3 palettes, on screen: ['ohub/15003/0', 'ohub/15004/0'], elsewhere in memory: - (1.9s scan)
[3940.1s] 3 palettes, on screen: ['ohub/15003/0', 'ohub/15004/0'], elsewhere in memory: - (2.0s scan)
[3945.1s] 3 palettes, on screen: ['ows1/12000/0'], elsewhere in memory: - (1.9s scan)
[3950.1s] 3 palettes, on screen: ['ows1/12000/0'], elsewhere in memory: - (1.9s scan)
[3955.1s] 3 palettes, on screen: ['ows1/12000/0'], elsewhere in memory: - (1.9s scan)
[3960.1s] 3 palettes, on screen: ['ows1/12000/0'], elsewhere in memory: - (1.9s scan)
[3965.1s] 3 palettes, on screen: ['ows1/12000/0'], elsewhere in memory: - (1.9s scan)
[3970.1s] 3 palettes, on screen: ['ows1/12000/0'], elsewhere in memory: - (1.9s scan)
[3975.1s] 3 palettes, on screen: ['ows1/12000/0'], elsewhere in memory: - (1.9s scan)
[3980.1s] 3 palettes, on screen: ['ows1/12000/0'], elsewhere in memory: - (1.9s scan)
[3985.1s] 3 palettes, on screen: ['ows1/12000/0'], elsewhere in memory: - (1.9s scan)
[3990.1s] 3 palettes, on screen: ['ows1/12000/0'], elsewhere in memory: - (1.9s scan)
[3995.1s] 3 palettes, on screen: ['ows1/12000/0'], elsewhere in memory: - (1.9s scan)
[4000.1s] 2 palettes, on screen: ['ows1/12000/0'], elsewhere in memory: - (1.9s scan)
[4005.1s] 3 palettes, on screen: ['ows1/12000/0'], elsewhere in memory: - (1.9s scan)
[4010.1s] 3 palettes, on screen: ['ows1/12000/0'], elsewhere in memory: - (1.9s scan)
[4015.1s] 3 palettes, on screen: ['ows1/12000/0'], elsewhere in memory: - (2.0s scan)
[4020.1s] 3 palettes, on screen: ['ows1/12000/0'], elsewhere in memory: - (2.0s scan)
[4025.1s] 3 palettes, on screen: ['ows1/12000/0'], elsewhere in memory: - (1.9s scan)
[4030.1s] 3 palettes, on screen: ['ows1/12000/0'], elsewhere in memory: - (1.9s scan)
[4035.1s] 3 palettes, on screen: ['ows1/12000/0'], elsewhere in memory: - (1.9s scan)
[4040.1s] 3 palettes, on screen: ['ows1/12000/0'], elsewhere in memory: - (1.9s scan)
[4045.1s] 3 palettes, on screen: ['ows1/12000/0'], elsewhere in memory: - (1.9s scan)
[4050.1s] 3 palettes, on screen: ['ows1/12000/0'], elsewhere in memory: - (1.9s scan)
[4055.1s] 3 palettes, on screen: ['ows1/12000/0'], elsewhere in memory: - (1.9s scan)
[4060.1s] 3 palettes, on screen: ['ows1/12000/0'], elsewhere in memory: - (1.9s scan)
[4065.1s] 3 palettes, on screen: ['ows1/12000/0'], elsewhere in memory: - (1.9s scan)
[4070.1s] 3 palettes, on screen: ['ows1/12000/0'], elsewhere in memory: - (2.0s scan)
[4075.1s] 2 palettes, on screen: ['ows1/12000/0'], elsewhere in memory: - (1.9s scan)
[4080.1s] 3 palettes, on screen: ['ows1/12000/0'], elsewhere in memory: - (1.9s scan)
[4085.1s] 3 palettes, on screen: ['ows1/12000/0'], elsewhere in memory: - (1.9s scan)
[4090.1s] 3 palettes, on screen: ['ows1/12000/0'], elsewhere in memory: - (2.0s scan)
[4095.1s] 3 palettes, on screen: ['ows1/12000/0'], elsewhere in memory: - (1.9s scan)
[4100.1s] 2 palettes, on screen: ['ows4/13500/0'], elsewhere in memory: - (1.9s scan)
[4105.1s] 3 palettes, on screen: ['ows4/13500/0'], elsewhere in memory: - (1.9s scan)
[4110.1s] 3 palettes, on screen: ['ows4/13500/0'], elsewhere in memory: - (1.9s scan)
[4115.1s] 3 palettes, on screen: ['ows4/13500/0'], elsewhere in memory: - (1.9s scan)
[4120.1s] 3 palettes, on screen: ['ows4/13500/0'], elsewhere in memory: - (1.9s scan)
[4125.1s] 3 palettes, on screen: ['ows4/13500/0'], elsewhere in memory: - (1.9s scan)
[4130.1s] 3 palettes, on screen: ['ows4/13500/0'], elsewhere in memory: - (1.9s scan)
[4135.1s] 3 palettes, on screen: ['ows4/13500/0'], elsewhere in memory: - (2.0s scan)
[4140.1s] 2 palettes, on screen: ['ows4/13500/0'], elsewhere in memory: - (2.0s scan)
[4145.1s] 2 palettes, on screen: ['ows2/12500/0'], elsewhere in memory: - (1.9s scan)
[4150.1s] 3 palettes, on screen: ['ows2/12500/0'], elsewhere in memory: - (1.9s scan)
[4155.1s] 3 palettes, on screen: ['ows2/12500/0'], elsewhere in memory: - (1.9s scan)
[4160.1s] 3 palettes, on screen: ['ows2/12500/0'], elsewhere in memory: - (1.9s scan)
[4165.1s] 3 palettes, on screen: ['ows2/12500/0'], elsewhere in memory: - (2.0s scan)
[4170.1s] 3 palettes, on screen: ['ows2/12500/0'], elsewhere in memory: - (1.9s scan)
[4175.1s] 3 palettes, on screen: ['ows2/12500/0'], elsewhere in memory: - (2.0s scan)
[4180.1s] 3 palettes, on screen: ['ows2/12500/0'], elsewhere in memory: - (2.0s scan)
[4185.1s] 3 palettes, on screen: ['ows2/12500/0'], elsewhere in memory: - (1.9s scan)
[4190.1s] 3 palettes, on screen: ['ows2/12500/0'], elsewhere in memory: - (1.9s scan)
[4195.1s] 3 palettes, on screen: ['ows2/12500/0'], elsewhere in memory: - (1.9s scan)
[4200.1s] 3 palettes, on screen: ['ows2/12500/0'], elsewhere in memory: - (1.9s scan)
[4205.1s] 3 palettes, on screen: ['ows2/12500/0'], elsewhere in memory: - (2.0s scan)
[4210.1s] 3 palettes, on screen: ['ows2/12500/0'], elsewhere in memory: - (2.0s scan)
[4215.1s] 3 palettes, on screen: ['ows2/12500/0'], elsewhere in memory: - (2.0s scan)
[4220.1s] 3 palettes, on screen: ['ows2/12500/0'], elsewhere in memory: - (1.9s scan)
[4225.1s] 3 palettes, on screen: ['ows2/12500/0'], elsewhere in memory: - (1.9s scan)
[4230.1s] 3 palettes, on screen: ['ows2/12500/0'], elsewhere in memory: - (1.9s scan)
[4235.1s] 3 palettes, on screen: ['ows2/12500/0'], elsewhere in memory: - (1.9s scan)
[4240.1s] 3 palettes, on screen: ['ows2/12500/0'], elsewhere in memory: - (1.9s scan)
[4245.1s] 3 palettes, on screen: ['ows2/12500/0'], elsewhere in memory: - (1.9s scan)
[4250.1s] 3 palettes, on screen: ['ows2/12500/0'], elsewhere in memory: - (1.9s scan)
[4255.1s] 3 palettes, on screen: ['ows3/13000/0'], elsewhere in memory: - (1.9s scan)
[4260.1s] 2 palettes, on screen: ['ows3/13000/0'], elsewhere in memory: - (1.9s scan)
[4265.1s] 3 palettes, on screen: ['ows3/13000/0'], elsewhere in memory: - (1.9s scan)
[4270.1s] 3 palettes, on screen: ['ows3/13000/0'], elsewhere in memory: - (2.0s scan)
[4275.1s] 3 palettes, on screen: ['ows3/13000/0'], elsewhere in memory: - (1.9s scan)
[4280.1s] 3 palettes, on screen: ['ows3/13000/0'], elsewhere in memory: - (1.9s scan)
[4285.1s] 3 palettes, on screen: ['ows3/13000/0'], elsewhere in memory: - (1.9s scan)
[4290.1s] 3 palettes, on screen: ['ows3/13000/0'], elsewhere in memory: - (1.9s scan)
[4295.1s] 3 palettes, on screen: ['ows3/13000/0'], elsewhere in memory: - (1.9s scan)
[4300.1s] 3 palettes, on screen: ['ows3/13000/0'], elsewhere in memory: - (1.9s scan)
[4305.1s] 3 palettes, on screen: ['ows3/13000/0'], elsewhere in memory: - (1.9s scan)
[4310.1s] 3 palettes, on screen: ['ows3/13000/0'], elsewhere in memory: - (2.0s scan)
[4315.1s] 3 palettes, on screen: ['ows3/13000/0'], elsewhere in memory: - (1.9s scan)
[4320.1s] 3 palettes, on screen: ['ows3/13000/0'], elsewhere in memory: - (2.0s scan)
[4325.1s] 3 palettes, on screen: ['ows3/13000/0'], elsewhere in memory: - (2.0s scan)
[4330.1s] 3 palettes, on screen: ['ows3/13000/0'], elsewhere in memory: - (2.0s scan)
[4335.1s] 3 palettes, on screen: ['ows3/13000/0'], elsewhere in memory: - (1.9s scan)
[4340.1s] 2 palettes, on screen: ['ows3/13000/0'], elsewhere in memory: - (1.9s scan)
[4345.1s] 3 palettes, on screen: ['ows3/13000/0'], elsewhere in memory: - (2.0s scan)
[4350.1s] 3 palettes, on screen: ['ows3/13000/0'], elsewhere in memory: - (1.9s scan)
[4355.1s] 3 palettes, on screen: ['ows3/13000/0'], elsewhere in memory: - (2.0s scan)
[4360.1s] 3 palettes, on screen: ['ows3/13000/0'], elsewhere in memory: - (1.9s scan)
[4365.1s] 3 palettes, on screen: ['ows3/13000/0'], elsewhere in memory: - (2.0s scan)
[4370.1s] 3 palettes, on screen: ['ows3/13000/0'], elsewhere in memory: - (1.9s scan)
[4375.1s] 3 palettes, on screen: ['ows3/13000/0'], elsewhere in memory: - (2.0s scan)
[4380.1s] 3 palettes, on screen: ['ows3/13000/0'], elsewhere in memory: - (1.9s scan)
[4385.1s] 3 palettes, on screen: ['ows3/13000/0'], elsewhere in memory: - (1.9s scan)
[4390.1s] 3 palettes, on screen: ['ows3/13000/0'], elsewhere in memory: - (2.0s scan)
[4395.1s] 3 palettes, on screen: ['ows3/13000/0'], elsewhere in memory: - (2.1s scan)
[4400.1s] 3 palettes, on screen: ['ows3/13000/0'], elsewhere in memory: - (2.0s scan)
[4405.1s] 3 palettes, on screen: ['ows3/13000/0'], elsewhere in memory: - (1.9s scan)
[4410.1s] 3 palettes, on screen: ['ows3/13000/0'], elsewhere in memory: - (1.9s scan)
[4415.1s] 3 palettes, on screen: ['ows3/13000/0'], elsewhere in memory: - (2.0s scan)
[4420.1s] 3 palettes, on screen: ['ows3/13000/0'], elsewhere in memory: - (2.0s scan)
[4425.1s] 3 palettes, on screen: ['ows3/13000/0'], elsewhere in memory: - (2.0s scan)
[4430.1s] 3 palettes, on screen: ['ows3/13000/0'], elsewhere in memory: - (1.9s scan)
[4435.1s] 3 palettes, on screen: ['ows3/13000/0'], elsewhere in memory: - (1.9s scan)
[4440.1s] 3 palettes, on screen: ['ows3/13000/0'], elsewhere in memory: - (2.0s scan)
[4445.1s] 3 palettes, on screen: ['ows3/13000/0'], elsewhere in memory: - (1.9s scan)
[4450.1s] 2 palettes, on screen: ['ows3/13000/0'], elsewhere in memory: - (1.9s scan)
[4455.1s] 4 palettes, on screen: ['ohub/15000/0', 'oloc03/17200/0'], elsewhere in memory: - (1.9s scan)
[4460.1s] 4 palettes, on screen: ['ohub/15000/0', 'oloc03/17200/0'], elsewhere in memory: - (1.9s scan)
[4465.1s] 4 palettes, on screen: ['ohub/15000/0', 'oloc03/17200/0'], elsewhere in memory: - (2.0s scan)
[4470.1s] 4 palettes, on screen: ['ohub/15000/0', 'oloc03/17200/0'], elsewhere in memory: - (1.9s scan)
[4475.1s] 4 palettes, on screen: ['ohub/15000/0', 'oloc03/17200/0'], elsewhere in memory: - (1.9s scan)
[4480.1s] 4 palettes, on screen: ['ohub/15000/0', 'oloc03/17200/0'], elsewhere in memory: - (1.9s scan)
[4485.1s] 4 palettes, on screen: ['ohub/15000/0', 'oloc03/17200/0'], elsewhere in memory: - (1.9s scan)
[4490.1s] 4 palettes, on screen: ['ohub/15000/0', 'oloc03/17200/0'], elsewhere in memory: - (1.9s scan)
[4495.1s] 3 palettes, on screen: ['ohub/15002/0', 'ohub/15004/0'], elsewhere in memory: - (1.9s scan)
[4500.1s] 3 palettes, on screen: ['ohub/15004/0'], elsewhere in memory: - (1.9s scan)
[4505.1s] 3 palettes, on screen: ['ohub/15004/0'], elsewhere in memory: - (1.9s scan)
[4510.1s] 3 palettes, on screen: ['ohub/15004/0'], elsewhere in memory: - (1.9s scan)
[4515.1s] 3 palettes, on screen: ['ohub/15004/0'], elsewhere in memory: - (1.9s scan)
[4520.1s] 3 palettes, on screen: ['ohub/15004/0'], elsewhere in memory: - (1.9s scan)
[4525.1s] 3 palettes, on screen: ['ohub/15004/0'], elsewhere in memory: - (1.9s scan)
[4530.1s] 3 palettes, on screen: ['ohub/15004/0'], elsewhere in memory: - (1.9s scan)
[4535.1s] 3 palettes, on screen: ['ohub/15004/0'], elsewhere in memory: - (2.0s scan)
[4540.1s] 3 palettes, on screen: ['ohub/15004/0'], elsewhere in memory: - (1.9s scan)
[4545.1s] 3 palettes, on screen: ['ohub/15004/0'], elsewhere in memory: - (1.9s scan)
[4550.1s] 3 palettes, on screen: ['ohub/15004/0'], elsewhere in memory: - (1.9s scan)
[4555.1s] 3 palettes, on screen: ['ohub/15004/0'], elsewhere in memory: - (1.9s scan)
[4560.1s] 3 palettes, on screen: ['ohub/15004/0'], elsewhere in memory: - (2.0s scan)
  oloc09/17800/0: palette 57703933cd52 score 0.259 (runner-up 0.8636010738285552)
[4565.1s] 3 palettes, on screen: ['oloc09/17800/0'], elsewhere in memory: - (2.0s scan)
[4570.1s] 3 palettes, on screen: ['oma/16000/0'], elsewhere in memory: - (2.0s scan)
[4575.1s] 2 palettes, on screen: ['oma/16000/0'], elsewhere in memory: - (2.0s scan)
[4580.1s] 3 palettes, on screen: ['oma/16000/0'], elsewhere in memory: - (2.0s scan)
[4585.1s] 2 palettes, on screen: ['oma/16000/0'], elsewhere in memory: - (1.9s scan)
[4590.1s] 3 palettes, on screen: ['oma/16000/0'], elsewhere in memory: - (1.9s scan)
[4595.1s] 3 palettes, on screen: ['oma/16000/0'], elsewhere in memory: - (2.0s scan)
[4600.1s] 3 palettes, on screen: ['oma/16000/0'], elsewhere in memory: - (1.9s scan)
[4605.1s] 2 palettes, on screen: ['oma/16000/0'], elsewhere in memory: - (1.9s scan)
[4610.1s] 3 palettes, on screen: ['oma/16000/0'], elsewhere in memory: - (1.9s scan)
[4615.1s] 3 palettes, on screen: ['oma/16000/0'], elsewhere in memory: - (1.9s scan)
[4620.1s] 3 palettes, on screen: ['oma/16000/0'], elsewhere in memory: - (1.9s scan)
[4625.1s] 3 palettes, on screen: ['oma/16000/0'], elsewhere in memory: - (2.0s scan)
[4630.1s] 3 palettes, on screen: ['oma/16000/0'], elsewhere in memory: - (2.0s scan)
[4635.1s] 3 palettes, on screen: ['oma/16000/0'], elsewhere in memory: - (1.9s scan)
[4640.1s] 3 palettes, on screen: ['oma/16000/0'], elsewhere in memory: - (1.9s scan)
[4645.1s] 3 palettes, on screen: ['oma/16000/0'], elsewhere in memory: - (1.9s scan)
[4650.1s] 3 palettes, on screen: ['oma/16000/0'], elsewhere in memory: - (1.9s scan)
[4655.1s] 3 palettes, on screen: ['oma/16000/0'], elsewhere in memory: - (1.9s scan)
[4660.1s] 3 palettes, on screen: ['oma/16000/0'], elsewhere in memory: - (1.9s scan)
[4665.1s] 3 palettes, on screen: ['oma/16000/0'], elsewhere in memory: - (1.9s scan)
[4670.1s] 3 palettes, on screen: ['oma/16000/0'], elsewhere in memory: - (1.9s scan)
[4675.1s] 4 palettes, on screen: ['oma/16000/0'], elsewhere in memory: - (1.9s scan)
[4680.1s] 4 palettes, on screen: ['oma/16000/0'], elsewhere in memory: - (2.0s scan)
[4685.1s] 4 palettes, on screen: ['oma/16000/0'], elsewhere in memory: - (2.0s scan)
[4690.1s] 4 palettes, on screen: ['oma/16000/0'], elsewhere in memory: - (2.0s scan)
[4695.1s] 4 palettes, on screen: ['oma/16000/0'], elsewhere in memory: - (2.1s scan)
[4700.1s] 4 palettes, on screen: ['oma/16000/0'], elsewhere in memory: - (1.9s scan)
[4705.1s] 4 palettes, on screen: ['oma/16000/0'], elsewhere in memory: - (1.9s scan)
[4710.1s] 4 palettes, on screen: ['oma/16000/0'], elsewhere in memory: - (1.9s scan)
[4715.1s] 4 palettes, on screen: ['oma/16000/0'], elsewhere in memory: - (2.0s scan)
[4720.1s] 4 palettes, on screen: ['oma/16000/0'], elsewhere in memory: - (2.0s scan)
[4725.1s] 4 palettes, on screen: ['oma/16000/0'], elsewhere in memory: - (1.9s scan)
[4730.1s] 4 palettes, on screen: ['oma/16000/0'], elsewhere in memory: - (1.9s scan)
[4735.1s] 4 palettes, on screen: ['oma/16000/0'], elsewhere in memory: - (1.9s scan)
[4740.1s] 4 palettes, on screen: ['oma/16000/0'], elsewhere in memory: - (1.9s scan)
[4745.1s] 4 palettes, on screen: ['oma/16000/0'], elsewhere in memory: - (2.0s scan)
[4750.1s] 4 palettes, on screen: ['oma/16000/0'], elsewhere in memory: - (2.0s scan)
[4755.1s] 4 palettes, on screen: ['oma/16000/0'], elsewhere in memory: - (2.0s scan)
[4760.1s] 4 palettes, on screen: ['oma/16000/0'], elsewhere in memory: - (1.9s scan)
[4765.1s] 4 palettes, on screen: ['oma/16000/0'], elsewhere in memory: - (1.9s scan)
[4770.1s] 4 palettes, on screen: ['oma/16000/0'], elsewhere in memory: - (1.9s scan)
[4775.1s] 4 palettes, on screen: ['oma/16000/0'], elsewhere in memory: - (1.9s scan)
[4780.1s] 4 palettes, on screen: ['oma/16000/0'], elsewhere in memory: - (1.9s scan)
  ploc2/27100/0: palette b681272410ce score 0.824 (runner-up 0.9570051561318058)
  ploc2/27140/0: palette b681272410ce score 0.804 (runner-up 0.9734721469048381)
  ploc2/27141/0: palette b681272410ce score 0.774 (runner-up 0.9705881911715113)
[4785.1s] 2 palettes, on screen: ['ploc2/27100/0', 'ploc2/27140/0', 'ploc2/27141/0'], elsewhere in memory: - (2.0s scan)
  pws1/22000/0: palette 5e96f52d3684 score 1.049 (runner-up 1.1179730591685166)
[4790.1s] 3 palettes, on screen: ['pws1/22000/0'], elsewhere in memory: - (2.0s scan)
  pws1/22000/0: palette 64b67a19532c score 0.885 (runner-up 1.0490638459017803)
[4795.1s] 3 palettes, on screen: ['pws1/22000/0'], elsewhere in memory: - (2.0s scan)
[4800.1s] 3 palettes, on screen: ['pws1/22000/0'], elsewhere in memory: - (1.9s scan)
[4805.1s] 3 palettes, on screen: ['pws1/22000/0'], elsewhere in memory: - (1.9s scan)
[4810.1s] 3 palettes, on screen: ['pws1/22000/0'], elsewhere in memory: - (2.0s scan)
[4815.1s] 3 palettes, on screen: ['pws1/22000/0'], elsewhere in memory: - (2.0s scan)
[4820.1s] 3 palettes, on screen: ['pws1/22000/0'], elsewhere in memory: - (1.9s scan)
[4825.1s] 3 palettes, on screen: ['ploc2/27100/0', 'ploc2/27140/0', 'ploc2/27141/0'], elsewhere in memory: - (1.9s scan)
[4830.1s] 3 palettes, on screen: ['pws1/22000/0'], elsewhere in memory: - (1.9s scan)
[4835.1s] 3 palettes, on screen: ['pws1/22000/0'], elsewhere in memory: - (1.9s scan)
  ploc3/27200/0: palette 5e96f52d3684 score 0.809 (runner-up 1.1460503734132652)
[4840.1s] 3 palettes, on screen: ['ploc3/27200/0'], elsewhere in memory: - (2.0s scan)
[4845.1s] 3 palettes, on screen: ['ploc3/27200/0'], elsewhere in memory: - (2.0s scan)
[4850.1s] 3 palettes, on screen: ['pws2/22500/0'], elsewhere in memory: - (2.0s scan)
[4855.1s] 3 palettes, on screen: ['pws2/22500/0'], elsewhere in memory: - (2.0s scan)
[4860.1s] 3 palettes, on screen: ['pws2/22500/0'], elsewhere in memory: - (1.9s scan)
[4865.1s] 3 palettes, on screen: ['pws2/22500/0'], elsewhere in memory: - (2.0s scan)
[4870.1s] 2 palettes, on screen: ['pws2/22500/0'], elsewhere in memory: - (1.9s scan)
[4875.1s] 3 palettes, on screen: ['pws2/22500/0'], elsewhere in memory: - (1.9s scan)
[4880.1s] 3 palettes, on screen: ['pws2/22500/0'], elsewhere in memory: - (1.9s scan)
[4885.1s] 3 palettes, on screen: ['pws2/22500/0'], elsewhere in memory: - (1.9s scan)
[4890.1s] 3 palettes, on screen: ['pws2/22500/0'], elsewhere in memory: - (1.9s scan)
[4895.1s] 3 palettes, on screen: ['pws2/22500/0'], elsewhere in memory: - (1.9s scan)
[4900.1s] 3 palettes, on screen: ['pws2/22500/0'], elsewhere in memory: - (1.9s scan)
[4905.1s] 3 palettes, on screen: ['pws2/22500/0'], elsewhere in memory: - (1.9s scan)
[4910.1s] 3 palettes, on screen: ['pws2/22500/0'], elsewhere in memory: - (2.0s scan)
[4915.1s] 3 palettes, on screen: ['pws2/22500/0'], elsewhere in memory: - (2.0s scan)
[4920.1s] 3 palettes, on screen: ['pws2/22500/0'], elsewhere in memory: - (2.0s scan)
[4925.1s] 3 palettes, on screen: ['pws2/22500/0'], elsewhere in memory: - (2.0s scan)
[4930.1s] 3 palettes, on screen: ['pws2/22500/0'], elsewhere in memory: - (2.0s scan)
[4935.1s] 3 palettes, on screen: ['pws2/22500/0'], elsewhere in memory: - (1.9s scan)
[4940.1s] 3 palettes, on screen: ['pws2/22500/0'], elsewhere in memory: - (1.9s scan)
[4945.1s] 2 palettes, on screen: ['pws2/22500/0'], elsewhere in memory: - (1.9s scan)
[4950.1s] 3 palettes, on screen: ['pws2/22500/0'], elsewhere in memory: - (1.9s scan)
[4955.1s] 3 palettes, on screen: ['pws2/22500/0'], elsewhere in memory: - (1.9s scan)
[4960.1s] 3 palettes, on screen: ['pws2/22500/0'], elsewhere in memory: - (1.9s scan)
[4965.1s] 3 palettes, on screen: ['pws2/22500/0'], elsewhere in memory: - (1.9s scan)
[4970.1s] 3 palettes, on screen: ['pws2/22500/0'], elsewhere in memory: - (1.9s scan)
[4975.1s] 3 palettes, on screen: ['pws2/22500/0'], elsewhere in memory: - (2.0s scan)
[4980.1s] 4 palettes, on screen: ['ploc2/27100/0', 'ploc2/27140/0', 'ploc2/27141/0'], elsewhere in memory: - (1.9s scan)
[4985.1s] 4 palettes, on screen: ['ploc2/27100/0', 'ploc2/27140/0', 'ploc2/27141/0'], elsewhere in memory: - (1.9s scan)
[4990.1s] 4 palettes, on screen: ['ploc2/27100/0', 'ploc2/27140/0', 'ploc2/27141/0'], elsewhere in memory: - (1.9s scan)
[4995.1s] 4 palettes, on screen: ['ploc2/27100/0', 'ploc2/27140/0', 'ploc2/27141/0'], elsewhere in memory: - (1.9s scan)
[5000.1s] 4 palettes, on screen: ['ploc2/27100/0', 'ploc2/27140/0', 'ploc2/27141/0'], elsewhere in memory: - (2.0s scan)
[5005.1s] 2 palettes, on screen: ['ploc2/27100/0', 'ploc2/27140/0', 'ploc2/27141/0'], elsewhere in memory: - (2.0s scan)
[5010.1s] 2 palettes, on screen: ['ploc2/27100/0', 'ploc2/27140/0', 'ploc2/27141/0'], elsewhere in memory: - (2.0s scan)
[5015.1s] 2 palettes, on screen: ['ploc2/27100/0', 'ploc2/27140/0', 'ploc2/27141/0'], elsewhere in memory: - (2.0s scan)
[5020.1s] 2 palettes, on screen: ['ploc2/27100/0', 'ploc2/27140/0', 'ploc2/27141/0'], elsewhere in memory: - (1.9s scan)
[5025.1s] 2 palettes, on screen: ['ploc2/27100/0', 'ploc2/27140/0', 'ploc2/27141/0'], elsewhere in memory: - (2.0s scan)
[5030.1s] 2 palettes, on screen: ['ploc2/27100/0', 'ploc2/27140/0', 'ploc2/27141/0'], elsewhere in memory: - (2.0s scan)
[5035.1s] 2 palettes, on screen: ['ploc2/27100/0', 'ploc2/27140/0', 'ploc2/27141/0'], elsewhere in memory: - (2.0s scan)
[5040.1s] 2 palettes, on screen: ['ploc2/27100/0', 'ploc2/27140/0', 'ploc2/27141/0'], elsewhere in memory: - (2.0s scan)
[5045.1s] 2 palettes, on screen: ['ploc2/27100/0', 'ploc2/27140/0', 'ploc2/27141/0'], elsewhere in memory: - (2.0s scan)
[5050.1s] 2 palettes, on screen: ['ploc2/27100/0', 'ploc2/27140/0', 'ploc2/27141/0'], elsewhere in memory: - (2.0s scan)
[5055.1s] 2 palettes, on screen: ['ploc2/27100/0', 'ploc2/27140/0', 'ploc2/27141/0'], elsewhere in memory: - (2.0s scan)
[5060.1s] 2 palettes, on screen: ['ploc2/27100/0', 'ploc2/27140/0', 'ploc2/27141/0'], elsewhere in memory: - (2.0s scan)
[5065.1s] 2 palettes, on screen: ['ploc2/27100/0', 'ploc2/27140/0', 'ploc2/27141/0'], elsewhere in memory: - (2.0s scan)
[5070.1s] 2 palettes, on screen: ['ploc2/27100/0', 'ploc2/27140/0', 'ploc2/27141/0'], elsewhere in memory: - (2.0s scan)
[5075.1s] 2 palettes, on screen: ['ploc2/27100/0', 'ploc2/27140/0', 'ploc2/27141/0'], elsewhere in memory: - (2.0s scan)
[5080.1s] 2 palettes, on screen: ['ploc2/27100/0', 'ploc2/27140/0', 'ploc2/27141/0'], elsewhere in memory: - (2.0s scan)
[5085.1s] 2 palettes, on screen: ['ploc2/27100/0', 'ploc2/27140/0', 'ploc2/27141/0'], elsewhere in memory: - (2.0s scan)
[5090.1s] 2 palettes, on screen: ['ploc2/27100/0', 'ploc2/27140/0', 'ploc2/27141/0'], elsewhere in memory: - (2.0s scan)
[5095.1s] 2 palettes, on screen: ['ploc2/27100/0', 'ploc2/27140/0', 'ploc2/27141/0'], elsewhere in memory: - (1.9s scan)
[5100.1s] 2 palettes, on screen: ['ploc2/27100/0', 'ploc2/27140/0', 'ploc2/27141/0'], elsewhere in memory: - (2.0s scan)
[5105.1s] 2 palettes, on screen: ['ploc2/27100/0', 'ploc2/27140/0', 'ploc2/27141/0'], elsewhere in memory: - (2.0s scan)
[5110.1s] 2 palettes, on screen: ['ploc2/27100/0', 'ploc2/27140/0', 'ploc2/27141/0'], elsewhere in memory: - (2.0s scan)
[5115.1s] 2 palettes, on screen: ['ploc2/27100/0', 'ploc2/27140/0', 'ploc2/27141/0'], elsewhere in memory: - (2.0s scan)
[5120.1s] 2 palettes, on screen: ['ploc2/27100/0', 'ploc2/27140/0', 'ploc2/27141/0'], elsewhere in memory: - (1.9s scan)
[5125.1s] 2 palettes, on screen: ['ploc2/27100/0', 'ploc2/27140/0', 'ploc2/27141/0'], elsewhere in memory: - (2.0s scan)
[5130.1s] 2 palettes, on screen: ['ploc2/27100/0', 'ploc2/27140/0', 'ploc2/27141/0'], elsewhere in memory: - (1.9s scan)
[5135.1s] 2 palettes, on screen: ['ploc2/27100/0', 'ploc2/27140/0', 'ploc2/27141/0'], elsewhere in memory: - (2.0s scan)
[5140.1s] 2 palettes, on screen: ['ploc2/27100/0', 'ploc2/27140/0', 'ploc2/27141/0'], elsewhere in memory: - (2.0s scan)
[5145.1s] 2 palettes, on screen: ['ploc2/27100/0', 'ploc2/27140/0', 'ploc2/27141/0'], elsewhere in memory: - (2.0s scan)
[5150.1s] 2 palettes, on screen: ['ploc2/27100/0', 'ploc2/27140/0', 'ploc2/27141/0'], elsewhere in memory: - (2.0s scan)
[5155.1s] 2 palettes, on screen: ['ploc2/27100/0', 'ploc2/27140/0', 'ploc2/27141/0'], elsewhere in memory: - (2.0s scan)
[5160.1s] 2 palettes, on screen: ['ploc2/27100/0', 'ploc2/27140/0', 'ploc2/27141/0'], elsewhere in memory: - (1.9s scan)
[5165.1s] 2 palettes, on screen: ['ploc2/27100/0', 'ploc2/27140/0', 'ploc2/27141/0'], elsewhere in memory: - (2.0s scan)
[5170.1s] 2 palettes, on screen: ['ploc2/27100/0', 'ploc2/27140/0', 'ploc2/27141/0'], elsewhere in memory: - (2.0s scan)
[5175.1s] 2 palettes, on screen: ['ploc2/27100/0', 'ploc2/27140/0', 'ploc2/27141/0'], elsewhere in memory: - (2.0s scan)
[5180.1s] 2 palettes, on screen: ['ploc2/27100/0', 'ploc2/27140/0', 'ploc2/27141/0'], elsewhere in memory: - (2.0s scan)
[5185.1s] 2 palettes, on screen: ['ploc2/27100/0', 'ploc2/27140/0', 'ploc2/27141/0'], elsewhere in memory: - (2.0s scan)
[5190.1s] 2 palettes, on screen: ['ploc2/27100/0', 'ploc2/27140/0', 'ploc2/27141/0'], elsewhere in memory: - (2.0s scan)
[5195.1s] 2 palettes, on screen: ['ploc2/27100/0', 'ploc2/27140/0', 'ploc2/27141/0'], elsewhere in memory: - (2.0s scan)
[5200.1s] 2 palettes, on screen: ['ploc2/27100/0', 'ploc2/27140/0', 'ploc2/27141/0'], elsewhere in memory: - (2.0s scan)
[5205.1s] 2 palettes, on screen: ['ploc2/27100/0', 'ploc2/27140/0', 'ploc2/27141/0'], elsewhere in memory: - (2.0s scan)
[5210.1s] 2 palettes, on screen: ['ploc2/27100/0', 'ploc2/27140/0', 'ploc2/27141/0'], elsewhere in memory: - (2.0s scan)
[5215.1s] 2 palettes, on screen: ['ploc2/27100/0', 'ploc2/27140/0', 'ploc2/27141/0'], elsewhere in memory: - (2.0s scan)
[5220.1s] 2 palettes, on screen: ['ploc2/27100/0', 'ploc2/27140/0', 'ploc2/27141/0'], elsewhere in memory: - (2.0s scan)
[5225.1s] 2 palettes, on screen: ['ploc2/27100/0', 'ploc2/27140/0', 'ploc2/27141/0'], elsewhere in memory: - (2.0s scan)
[5230.1s] 2 palettes, on screen: ['ploc2/27100/0', 'ploc2/27140/0', 'ploc2/27141/0'], elsewhere in memory: - (2.0s scan)
[5235.1s] 2 palettes, on screen: ['ploc2/27100/0', 'ploc2/27140/0', 'ploc2/27141/0'], elsewhere in memory: - (2.0s scan)
[5240.1s] 2 palettes, on screen: ['ploc2/27100/0', 'ploc2/27140/0', 'ploc2/27141/0'], elsewhere in memory: - (2.0s scan)
[5245.1s] 2 palettes, on screen: ['ploc2/27100/0', 'ploc2/27140/0', 'ploc2/27141/0'], elsewhere in memory: - (2.0s scan)
[5250.1s] 2 palettes, on screen: ['ploc2/27100/0', 'ploc2/27140/0', 'ploc2/27141/0'], elsewhere in memory: - (2.0s scan)
[5255.1s] 2 palettes, on screen: ['ploc2/27100/0', 'ploc2/27140/0', 'ploc2/27141/0'], elsewhere in memory: - (2.0s scan)
[5260.1s] 2 palettes, on screen: ['ploc2/27100/0', 'ploc2/27140/0', 'ploc2/27141/0'], elsewhere in memory: - (2.0s scan)
[5265.1s] 2 palettes, on screen: ['ploc2/27100/0', 'ploc2/27140/0', 'ploc2/27141/0'], elsewhere in memory: - (2.0s scan)
[5270.1s] 2 palettes, on screen: ['ploc2/27100/0', 'ploc2/27140/0', 'ploc2/27141/0'], elsewhere in memory: - (2.0s scan)
[5275.1s] 2 palettes, on screen: ['ploc2/27100/0', 'ploc2/27140/0', 'ploc2/27141/0'], elsewhere in memory: - (2.0s scan)
[5280.1s] 2 palettes, on screen: ['ploc2/27100/0', 'ploc2/27140/0', 'ploc2/27141/0'], elsewhere in memory: - (2.0s scan)
[5285.1s] 2 palettes, on screen: ['ploc2/27100/0', 'ploc2/27140/0', 'ploc2/27141/0'], elsewhere in memory: - (2.0s scan)
[5290.1s] 2 palettes, on screen: ['ploc2/27100/0', 'ploc2/27140/0', 'ploc2/27141/0'], elsewhere in memory: - (2.0s scan)
[5295.1s] 2 palettes, on screen: ['ploc2/27100/0', 'ploc2/27140/0', 'ploc2/27141/0'], elsewhere in memory: - (2.0s scan)
[5300.1s] 2 palettes, on screen: ['ploc2/27100/0', 'ploc2/27140/0', 'ploc2/27141/0'], elsewhere in memory: - (2.0s scan)
[5305.1s] 2 palettes, on screen: ['ploc2/27100/0', 'ploc2/27140/0', 'ploc2/27141/0'], elsewhere in memory: - (1.9s scan)
[5310.1s] 2 palettes, on screen: ['ploc2/27100/0', 'ploc2/27140/0', 'ploc2/27141/0'], elsewhere in memory: - (2.0s scan)
[5315.1s] 2 palettes, on screen: ['ploc2/27100/0', 'ploc2/27140/0', 'ploc2/27141/0'], elsewhere in memory: - (2.0s scan)
[5320.1s] 2 palettes, on screen: ['ploc2/27100/0', 'ploc2/27140/0', 'ploc2/27141/0'], elsewhere in memory: - (2.0s scan)
[5325.1s] 2 palettes, on screen: ['ploc2/27100/0', 'ploc2/27140/0', 'ploc2/27141/0'], elsewhere in memory: - (2.0s scan)
[5330.1s] 2 palettes, on screen: ['ploc2/27100/0', 'ploc2/27140/0', 'ploc2/27141/0'], elsewhere in memory: - (2.0s scan)
[5335.1s] 2 palettes, on screen: ['ploc2/27100/0', 'ploc2/27140/0', 'ploc2/27141/0'], elsewhere in memory: - (2.0s scan)
[5340.1s] 2 palettes, on screen: ['ploc2/27100/0', 'ploc2/27140/0', 'ploc2/27141/0'], elsewhere in memory: - (2.0s scan)
[5345.1s] 2 palettes, on screen: ['ploc2/27100/0', 'ploc2/27140/0', 'ploc2/27141/0'], elsewhere in memory: - (2.0s scan)
[5350.1s] 2 palettes, on screen: ['ploc2/27100/0', 'ploc2/27140/0', 'ploc2/27141/0'], elsewhere in memory: - (2.0s scan)
[5355.1s] 2 palettes, on screen: ['ploc2/27100/0', 'ploc2/27140/0', 'ploc2/27141/0'], elsewhere in memory: - (2.0s scan)
[5360.1s] 2 palettes, on screen: ['ploc2/27100/0', 'ploc2/27140/0', 'ploc2/27141/0'], elsewhere in memory: - (2.0s scan)
[5365.1s] 2 palettes, on screen: ['ploc2/27100/0', 'ploc2/27140/0', 'ploc2/27141/0'], elsewhere in memory: - (2.0s scan)
[5370.1s] 2 palettes, on screen: ['ploc2/27100/0', 'ploc2/27140/0', 'ploc2/27141/0'], elsewhere in memory: - (2.0s scan)
[5375.1s] 2 palettes, on screen: ['ploc2/27100/0', 'ploc2/27140/0', 'ploc2/27141/0'], elsewhere in memory: - (2.0s scan)
[5380.1s] 2 palettes, on screen: ['ploc2/27100/0', 'ploc2/27140/0', 'ploc2/27141/0'], elsewhere in memory: - (1.9s scan)
[5385.1s] 2 palettes, on screen: ['ploc2/27100/0', 'ploc2/27140/0', 'ploc2/27141/0'], elsewhere in memory: - (2.0s scan)
[5390.1s] 2 palettes, on screen: ['ploc2/27100/0', 'ploc2/27140/0', 'ploc2/27141/0'], elsewhere in memory: - (1.9s scan)
[5395.1s] 2 palettes, on screen: ['ploc2/27100/0', 'ploc2/27140/0', 'ploc2/27141/0'], elsewhere in memory: - (2.0s scan)
[5400.1s] 2 palettes, on screen: ['ploc2/27100/0', 'ploc2/27140/0', 'ploc2/27141/0'], elsewhere in memory: - (2.0s scan)
[5405.1s] 2 palettes, on screen: ['ploc2/27100/0', 'ploc2/27140/0', 'ploc2/27141/0'], elsewhere in memory: - (2.0s scan)
[5410.1s] 2 palettes, on screen: ['ploc2/27100/0', 'ploc2/27140/0', 'ploc2/27141/0'], elsewhere in memory: - (2.0s scan)
[5415.1s] 2 palettes, on screen: ['ploc2/27100/0', 'ploc2/27140/0', 'ploc2/27141/0'], elsewhere in memory: - (2.0s scan)
[5420.1s] 2 palettes, on screen: ['ploc2/27100/0', 'ploc2/27140/0', 'ploc2/27141/0'], elsewhere in memory: - (1.9s scan)
[5425.1s] 2 palettes, on screen: ['ploc2/27100/0', 'ploc2/27140/0', 'ploc2/27141/0'], elsewhere in memory: - (2.0s scan)
[5430.1s] 2 palettes, on screen: ['ploc2/27100/0', 'ploc2/27140/0', 'ploc2/27141/0'], elsewhere in memory: - (2.0s scan)
[5435.1s] 2 palettes, on screen: ['ploc2/27100/0', 'ploc2/27140/0', 'ploc2/27141/0'], elsewhere in memory: - (2.0s scan)
[5440.1s] 2 palettes, on screen: ['ploc2/27100/0', 'ploc2/27140/0', 'ploc2/27141/0'], elsewhere in memory: - (2.0s scan)
[5445.1s] 2 palettes, on screen: ['ploc2/27100/0', 'ploc2/27140/0', 'ploc2/27141/0'], elsewhere in memory: - (2.0s scan)
[5450.1s] 2 palettes, on screen: ['ploc2/27100/0', 'ploc2/27140/0', 'ploc2/27141/0'], elsewhere in memory: - (2.0s scan)
[5455.1s] 2 palettes, on screen: ['ploc2/27100/0', 'ploc2/27140/0', 'ploc2/27141/0'], elsewhere in memory: - (2.0s scan)
[5460.1s] 2 palettes, on screen: ['ploc2/27100/0', 'ploc2/27140/0', 'ploc2/27141/0'], elsewhere in memory: - (2.0s scan)
[5465.1s] 2 palettes, on screen: ['ploc2/27100/0', 'ploc2/27140/0', 'ploc2/27141/0'], elsewhere in memory: - (2.0s scan)
[5470.1s] 2 palettes, on screen: ['ploc2/27100/0', 'ploc2/27140/0', 'ploc2/27141/0'], elsewhere in memory: - (2.0s scan)
[5475.1s] 2 palettes, on screen: ['ploc2/27100/0', 'ploc2/27140/0', 'ploc2/27141/0'], elsewhere in memory: - (2.0s scan)
[5480.1s] 2 palettes, on screen: ['ploc2/27100/0', 'ploc2/27140/0', 'ploc2/27141/0'], elsewhere in memory: - (1.9s scan)
[5485.1s] 2 palettes, on screen: ['ploc2/27100/0', 'ploc2/27140/0', 'ploc2/27141/0'], elsewhere in memory: - (2.0s scan)
[5490.1s] 2 palettes, on screen: ['ploc2/27100/0', 'ploc2/27140/0', 'ploc2/27141/0'], elsewhere in memory: - (2.0s scan)
[5495.1s] 2 palettes, on screen: ['ploc2/27100/0', 'ploc2/27140/0', 'ploc2/27141/0'], elsewhere in memory: - (2.0s scan)
[5500.1s] 2 palettes, on screen: ['ploc2/27100/0', 'ploc2/27140/0', 'ploc2/27141/0'], elsewhere in memory: - (2.0s scan)
[5505.1s] 2 palettes, on screen: ['ploc2/27100/0', 'ploc2/27140/0', 'ploc2/27141/0'], elsewhere in memory: - (2.0s scan)
[5510.1s] 2 palettes, on screen: ['ploc2/27100/0', 'ploc2/27140/0', 'ploc2/27141/0'], elsewhere in memory: - (2.0s scan)
[5515.1s] 2 palettes, on screen: ['ploc2/27100/0', 'ploc2/27140/0', 'ploc2/27141/0'], elsewhere in memory: - (2.0s scan)
[5520.1s] 2 palettes, on screen: ['ploc2/27100/0', 'ploc2/27140/0', 'ploc2/27141/0'], elsewhere in memory: - (2.0s scan)
[5525.1s] 2 palettes, on screen: ['ploc2/27100/0', 'ploc2/27140/0', 'ploc2/27141/0'], elsewhere in memory: - (2.0s scan)
[5530.1s] 2 palettes, on screen: ['ploc2/27100/0', 'ploc2/27140/0', 'ploc2/27141/0'], elsewhere in memory: - (2.0s scan)
[5535.1s] 2 palettes, on screen: ['ploc2/27100/0', 'ploc2/27140/0', 'ploc2/27141/0'], elsewhere in memory: - (2.0s scan)
[5540.1s] 2 palettes, on screen: ['ploc2/27100/0', 'ploc2/27140/0', 'ploc2/27141/0'], elsewhere in memory: - (2.0s scan)
[5545.1s] 2 palettes, on screen: ['ploc2/27100/0', 'ploc2/27140/0', 'ploc2/27141/0'], elsewhere in memory: - (2.0s scan)
[5550.1s] 2 palettes, on screen: ['ploc2/27100/0', 'ploc2/27140/0', 'ploc2/27141/0'], elsewhere in memory: - (2.0s scan)
[5555.1s] 2 palettes, on screen: ['ploc2/27100/0', 'ploc2/27140/0', 'ploc2/27141/0'], elsewhere in memory: - (2.1s scan)
[5560.1s] 2 palettes, on screen: ['ploc2/27100/0', 'ploc2/27140/0', 'ploc2/27141/0'], elsewhere in memory: - (2.0s scan)
[5565.1s] 2 palettes, on screen: ['ploc2/27100/0', 'ploc2/27140/0', 'ploc2/27141/0'], elsewhere in memory: - (2.0s scan)
[5570.1s] 2 palettes, on screen: ['ploc2/27100/0', 'ploc2/27140/0', 'ploc2/27141/0'], elsewhere in memory: - (2.0s scan)
[5575.1s] 2 palettes, on screen: ['ploc2/27100/0', 'ploc2/27140/0', 'ploc2/27141/0'], elsewhere in memory: - (1.9s scan)
[5580.1s] 2 palettes, on screen: ['ploc2/27100/0', 'ploc2/27140/0', 'ploc2/27141/0'], elsewhere in memory: - (2.0s scan)
[5585.1s] 2 palettes, on screen: ['ploc2/27100/0', 'ploc2/27140/0', 'ploc2/27141/0'], elsewhere in memory: - (2.0s scan)
[5590.1s] 2 palettes, on screen: ['ploc2/27100/0', 'ploc2/27140/0', 'ploc2/27141/0'], elsewhere in memory: - (2.0s scan)
[5595.1s] 2 palettes, on screen: ['ploc2/27100/0', 'ploc2/27140/0', 'ploc2/27141/0'], elsewhere in memory: - (2.0s scan)
[5600.1s] 2 palettes, on screen: ['ploc2/27100/0', 'ploc2/27140/0', 'ploc2/27141/0'], elsewhere in memory: - (2.0s scan)
[5605.1s] 2 palettes, on screen: ['ploc2/27100/0', 'ploc2/27140/0', 'ploc2/27141/0'], elsewhere in memory: - (1.9s scan)
[5610.1s] 2 palettes, on screen: ['ploc2/27100/0', 'ploc2/27140/0', 'ploc2/27141/0'], elsewhere in memory: - (2.0s scan)
[5615.1s] 2 palettes, on screen: ['ploc2/27100/0', 'ploc2/27140/0', 'ploc2/27141/0'], elsewhere in memory: - (2.0s scan)
[5620.1s] 2 palettes, on screen: ['ploc2/27100/0', 'ploc2/27140/0', 'ploc2/27141/0'], elsewhere in memory: - (2.0s scan)
[5625.1s] 2 palettes, on screen: ['ploc2/27100/0', 'ploc2/27140/0', 'ploc2/27141/0'], elsewhere in memory: - (2.0s scan)
[5630.1s] 2 palettes, on screen: ['ploc2/27100/0', 'ploc2/27140/0', 'ploc2/27141/0'], elsewhere in memory: - (2.0s scan)
[5635.1s] 2 palettes, on screen: ['ploc2/27100/0', 'ploc2/27140/0', 'ploc2/27141/0'], elsewhere in memory: - (2.0s scan)
[5640.1s] 2 palettes, on screen: ['ploc2/27100/0', 'ploc2/27140/0', 'ploc2/27141/0'], elsewhere in memory: - (2.0s scan)
[5645.1s] 2 palettes, on screen: ['ploc2/27100/0', 'ploc2/27140/0', 'ploc2/27141/0'], elsewhere in memory: - (2.0s scan)
[5650.1s] 2 palettes, on screen: ['ploc2/27100/0', 'ploc2/27140/0', 'ploc2/27141/0'], elsewhere in memory: - (2.0s scan)
[5655.1s] 2 palettes, on screen: ['ploc2/27100/0', 'ploc2/27140/0', 'ploc2/27141/0'], elsewhere in memory: - (2.0s scan)
[5660.1s] 2 palettes, on screen: ['ploc2/27100/0', 'ploc2/27140/0', 'ploc2/27141/0'], elsewhere in memory: - (1.9s scan)
[5665.1s] 2 palettes, on screen: ['ploc2/27100/0', 'ploc2/27140/0', 'ploc2/27141/0'], elsewhere in memory: - (1.9s scan)
[5670.1s] 2 palettes, on screen: ['ploc2/27100/0', 'ploc2/27140/0', 'ploc2/27141/0'], elsewhere in memory: - (2.0s scan)
[5675.1s] 2 palettes, on screen: ['ploc2/27100/0', 'ploc2/27140/0', 'ploc2/27141/0'], elsewhere in memory: - (1.9s scan)
[5680.1s] 2 palettes, on screen: ['ploc2/27100/0', 'ploc2/27140/0', 'ploc2/27141/0'], elsewhere in memory: - (1.9s scan)
[5685.1s] 2 palettes, on screen: ['ploc2/27100/0', 'ploc2/27140/0', 'ploc2/27141/0'], elsewhere in memory: - (2.0s scan)
[5690.1s] 2 palettes, on screen: ['ploc2/27100/0', 'ploc2/27140/0', 'ploc2/27141/0'], elsewhere in memory: - (2.0s scan)
[5695.1s] 2 palettes, on screen: ['ploc2/27100/0', 'ploc2/27140/0', 'ploc2/27141/0'], elsewhere in memory: - (2.0s scan)
[5700.1s] 2 palettes, on screen: ['ploc2/27100/0', 'ploc2/27140/0', 'ploc2/27141/0'], elsewhere in memory: - (2.0s scan)
[5705.1s] 2 palettes, on screen: ['ploc2/27100/0', 'ploc2/27140/0', 'ploc2/27141/0'], elsewhere in memory: - (2.0s scan)
[5710.1s] 2 palettes, on screen: ['ploc2/27100/0', 'ploc2/27140/0', 'ploc2/27141/0'], elsewhere in memory: - (1.9s scan)
[5715.1s] 2 palettes, on screen: ['ploc2/27100/0', 'ploc2/27140/0', 'ploc2/27141/0'], elsewhere in memory: - (2.0s scan)
[5720.1s] 2 palettes, on screen: ['ploc2/27100/0', 'ploc2/27140/0', 'ploc2/27141/0'], elsewhere in memory: - (2.0s scan)
[5725.1s] 2 palettes, on screen: ['ploc2/27100/0', 'ploc2/27140/0', 'ploc2/27141/0'], elsewhere in memory: - (2.0s scan)
[5730.1s] 2 palettes, on screen: ['ploc2/27100/0', 'ploc2/27140/0', 'ploc2/27141/0'], elsewhere in memory: - (1.9s scan)
[5735.1s] 2 palettes, on screen: ['ploc2/27100/0', 'ploc2/27140/0', 'ploc2/27141/0'], elsewhere in memory: - (2.0s scan)
[5740.1s] 2 palettes, on screen: ['ploc2/27100/0', 'ploc2/27140/0', 'ploc2/27141/0'], elsewhere in memory: - (1.9s scan)
[5745.1s] 2 palettes, on screen: ['ploc2/27100/0', 'ploc2/27140/0', 'ploc2/27141/0'], elsewhere in memory: - (2.0s scan)
[5750.1s] 2 palettes, on screen: ['ploc2/27100/0', 'ploc2/27140/0', 'ploc2/27141/0'], elsewhere in memory: - (2.0s scan)
[5755.1s] 2 palettes, on screen: ['ploc2/27100/0', 'ploc2/27140/0', 'ploc2/27141/0'], elsewhere in memory: - (2.0s scan)
[5760.1s] 2 palettes, on screen: ['ploc2/27100/0', 'ploc2/27140/0', 'ploc2/27141/0'], elsewhere in memory: - (2.0s scan)
[5765.1s] 2 palettes, on screen: ['ploc2/27100/0', 'ploc2/27140/0', 'ploc2/27141/0'], elsewhere in memory: - (2.0s scan)
[5770.1s] 2 palettes, on screen: ['ploc2/27100/0', 'ploc2/27140/0', 'ploc2/27141/0'], elsewhere in memory: - (1.9s scan)
[5775.1s] 2 palettes, on screen: ['ploc2/27100/0', 'ploc2/27140/0', 'ploc2/27141/0'], elsewhere in memory: - (2.0s scan)
[5780.1s] 2 palettes, on screen: ['ploc2/27100/0', 'ploc2/27140/0', 'ploc2/27141/0'], elsewhere in memory: - (2.0s scan)
[5785.1s] 2 palettes, on screen: ['ploc2/27100/0', 'ploc2/27140/0', 'ploc2/27141/0'], elsewhere in memory: - (2.0s scan)
[5790.1s] 2 palettes, on screen: ['ploc2/27100/0', 'ploc2/27140/0', 'ploc2/27141/0'], elsewhere in memory: - (1.9s scan)
[5795.1s] 2 palettes, on screen: ['ploc2/27100/0', 'ploc2/27140/0', 'ploc2/27141/0'], elsewhere in memory: - (2.0s scan)
[5800.1s] 2 palettes, on screen: ['ploc2/27100/0', 'ploc2/27140/0', 'ploc2/27141/0'], elsewhere in memory: - (2.0s scan)
[5805.1s] 2 palettes, on screen: ['ploc2/27100/0', 'ploc2/27140/0', 'ploc2/27141/0'], elsewhere in memory: - (2.0s scan)
[5810.1s] 2 palettes, on screen: ['ploc2/27100/0', 'ploc2/27140/0', 'ploc2/27141/0'], elsewhere in memory: - (2.0s scan)
[5815.1s] 2 palettes, on screen: ['ploc2/27100/0', 'ploc2/27140/0', 'ploc2/27141/0'], elsewhere in memory: - (2.0s scan)
[5820.1s] 2 palettes, on screen: ['ploc2/27100/0', 'ploc2/27140/0', 'ploc2/27141/0'], elsewhere in memory: - (2.0s scan)
[5825.1s] 2 palettes, on screen: ['ploc2/27100/0', 'ploc2/27140/0', 'ploc2/27141/0'], elsewhere in memory: - (2.0s scan)
[5830.1s] 2 palettes, on screen: ['ploc2/27100/0', 'ploc2/27140/0', 'ploc2/27141/0'], elsewhere in memory: - (2.0s scan)
[5835.1s] 2 palettes, on screen: ['ploc2/27100/0', 'ploc2/27140/0', 'ploc2/27141/0'], elsewhere in memory: - (1.9s scan)
[5840.1s] 2 palettes, on screen: ['ploc2/27100/0', 'ploc2/27140/0', 'ploc2/27141/0'], elsewhere in memory: - (1.9s scan)
[5845.1s] 2 palettes, on screen: ['ploc2/27100/0', 'ploc2/27140/0', 'ploc2/27141/0'], elsewhere in memory: - (2.0s scan)
[5850.1s] 2 palettes, on screen: ['ploc2/27100/0', 'ploc2/27140/0', 'ploc2/27141/0'], elsewhere in memory: - (2.0s scan)
[5855.1s] 2 palettes, on screen: ['ploc2/27100/0', 'ploc2/27140/0', 'ploc2/27141/0'], elsewhere in memory: - (1.9s scan)
[5860.1s] 2 palettes, on screen: ['ploc2/27100/0', 'ploc2/27140/0', 'ploc2/27141/0'], elsewhere in memory: - (2.0s scan)
[5865.1s] 2 palettes, on screen: ['ploc2/27100/0', 'ploc2/27140/0', 'ploc2/27141/0'], elsewhere in memory: - (2.0s scan)
[5870.1s] 2 palettes, on screen: ['ploc2/27100/0', 'ploc2/27140/0', 'ploc2/27141/0'], elsewhere in memory: - (2.0s scan)
[5875.1s] 2 palettes, on screen: ['ploc2/27100/0', 'ploc2/27140/0', 'ploc2/27141/0'], elsewhere in memory: - (1.9s scan)
[5880.1s] 2 palettes, on screen: ['ploc2/27100/0', 'ploc2/27140/0', 'ploc2/27141/0'], elsewhere in memory: - (2.0s scan)
[5885.1s] 2 palettes, on screen: ['ploc2/27100/0', 'ploc2/27140/0', 'ploc2/27141/0'], elsewhere in memory: - (1.9s scan)
[5890.1s] 2 palettes, on screen: ['ploc2/27100/0', 'ploc2/27140/0', 'ploc2/27141/0'], elsewhere in memory: - (1.9s scan)
[5895.1s] 2 palettes, on screen: ['ploc2/27100/0', 'ploc2/27140/0', 'ploc2/27141/0'], elsewhere in memory: - (2.0s scan)
[5900.1s] 2 palettes, on screen: ['ploc2/27100/0', 'ploc2/27140/0', 'ploc2/27141/0'], elsewhere in memory: - (1.9s scan)
[5905.1s] 2 palettes, on screen: ['ploc2/27100/0', 'ploc2/27140/0', 'ploc2/27141/0'], elsewhere in memory: - (2.0s scan)
[5910.1s] 2 palettes, on screen: ['ploc2/27100/0', 'ploc2/27140/0', 'ploc2/27141/0'], elsewhere in memory: - (2.0s scan)
[5915.1s] 2 palettes, on screen: ['ploc2/27100/0', 'ploc2/27140/0', 'ploc2/27141/0'], elsewhere in memory: - (2.0s scan)
[5920.1s] 2 palettes, on screen: ['ploc2/27100/0', 'ploc2/27140/0', 'ploc2/27141/0'], elsewhere in memory: - (1.9s scan)
[5925.1s] 2 palettes, on screen: ['ploc2/27100/0', 'ploc2/27140/0', 'ploc2/27141/0'], elsewhere in memory: - (2.0s scan)
[5930.1s] 2 palettes, on screen: ['ploc2/27100/0', 'ploc2/27140/0', 'ploc2/27141/0'], elsewhere in memory: - (1.9s scan)
[5935.1s] 2 palettes, on screen: ['ploc2/27100/0', 'ploc2/27140/0', 'ploc2/27141/0'], elsewhere in memory: - (1.9s scan)
[5940.1s] 2 palettes, on screen: ['ploc2/27100/0', 'ploc2/27140/0', 'ploc2/27141/0'], elsewhere in memory: - (1.9s scan)
[5945.1s] 2 palettes, on screen: ['ploc2/27100/0', 'ploc2/27140/0', 'ploc2/27141/0'], elsewhere in memory: - (2.0s scan)
[5950.1s] 2 palettes, on screen: ['ploc2/27100/0', 'ploc2/27140/0', 'ploc2/27141/0'], elsewhere in memory: - (2.0s scan)
[5955.1s] 2 palettes, on screen: ['ploc2/27100/0', 'ploc2/27140/0', 'ploc2/27141/0'], elsewhere in memory: - (2.0s scan)
[5960.1s] 2 palettes, on screen: ['ploc2/27100/0', 'ploc2/27140/0', 'ploc2/27141/0'], elsewhere in memory: - (2.0s scan)
[5965.1s] 2 palettes, on screen: ['ploc2/27100/0', 'ploc2/27140/0', 'ploc2/27141/0'], elsewhere in memory: - (2.0s scan)
[5970.1s] 2 palettes, on screen: ['ploc2/27100/0', 'ploc2/27140/0', 'ploc2/27141/0'], elsewhere in memory: - (1.9s scan)
[5975.1s] 2 palettes, on screen: ['ploc2/27100/0', 'ploc2/27140/0', 'ploc2/27141/0'], elsewhere in memory: - (2.0s scan)
[5980.1s] 2 palettes, on screen: ['ploc2/27100/0', 'ploc2/27140/0', 'ploc2/27141/0'], elsewhere in memory: - (2.0s scan)
[5985.1s] 2 palettes, on screen: ['ploc2/27100/0', 'ploc2/27140/0', 'ploc2/27141/0'], elsewhere in memory: - (1.9s scan)
[5990.1s] 2 palettes, on screen: ['ploc2/27100/0', 'ploc2/27140/0', 'ploc2/27141/0'], elsewhere in memory: - (2.0s scan)
[5995.1s] 2 palettes, on screen: ['ploc2/27100/0', 'ploc2/27140/0', 'ploc2/27141/0'], elsewhere in memory: - (1.9s scan)
[6000.1s] 2 palettes, on screen: ['ploc2/27100/0', 'ploc2/27140/0', 'ploc2/27141/0'], elsewhere in memory: - (2.0s scan)
[6005.1s] 2 palettes, on screen: ['ploc2/27100/0', 'ploc2/27140/0', 'ploc2/27141/0'], elsewhere in memory: - (2.0s scan)
[6010.1s] 2 palettes, on screen: ['ploc2/27100/0', 'ploc2/27140/0', 'ploc2/27141/0'], elsewhere in memory: - (2.0s scan)
[6015.1s] 2 palettes, on screen: ['ploc2/27100/0', 'ploc2/27140/0', 'ploc2/27141/0'], elsewhere in memory: - (2.0s scan)
[6020.1s] 2 palettes, on screen: ['ploc2/27100/0', 'ploc2/27140/0', 'ploc2/27141/0'], elsewhere in memory: - (2.0s scan)
[6025.1s] 2 palettes, on screen: ['ploc2/27100/0', 'ploc2/27140/0', 'ploc2/27141/0'], elsewhere in memory: - (2.0s scan)
[6030.1s] 2 palettes, on screen: ['ploc2/27100/0', 'ploc2/27140/0', 'ploc2/27141/0'], elsewhere in memory: - (1.9s scan)
[6035.1s] 2 palettes, on screen: ['ploc2/27100/0', 'ploc2/27140/0', 'ploc2/27141/0'], elsewhere in memory: - (1.9s scan)
[6040.1s] 2 palettes, on screen: ['ploc2/27100/0', 'ploc2/27140/0', 'ploc2/27141/0'], elsewhere in memory: - (2.0s scan)
[6045.1s] 2 palettes, on screen: ['ploc2/27100/0', 'ploc2/27140/0', 'ploc2/27141/0'], elsewhere in memory: - (1.9s scan)
[6050.1s] 2 palettes, on screen: ['ploc2/27100/0', 'ploc2/27140/0', 'ploc2/27141/0'], elsewhere in memory: - (2.0s scan)
[6055.1s] 2 palettes, on screen: ['ploc2/27100/0', 'ploc2/27140/0', 'ploc2/27141/0'], elsewhere in memory: - (1.9s scan)
[6060.1s] 2 palettes, on screen: ['ploc2/27100/0', 'ploc2/27140/0', 'ploc2/27141/0'], elsewhere in memory: - (2.0s scan)
[6065.1s] 2 palettes, on screen: ['ploc2/27100/0', 'ploc2/27140/0', 'ploc2/27141/0'], elsewhere in memory: - (1.9s scan)
[6070.1s] 2 palettes, on screen: ['ploc2/27100/0', 'ploc2/27140/0', 'ploc2/27141/0'], elsewhere in memory: - (1.9s scan)
[6075.1s] 2 palettes, on screen: ['ploc2/27100/0', 'ploc2/27140/0', 'ploc2/27141/0'], elsewhere in memory: - (2.0s scan)
[6080.1s] 2 palettes, on screen: ['ploc2/27100/0', 'ploc2/27140/0', 'ploc2/27141/0'], elsewhere in memory: - (2.0s scan)
[6085.1s] 2 palettes, on screen: ['ploc2/27100/0', 'ploc2/27140/0', 'ploc2/27141/0'], elsewhere in memory: - (1.9s scan)
[6090.1s] 2 palettes, on screen: ['ploc2/27100/0', 'ploc2/27140/0', 'ploc2/27141/0'], elsewhere in memory: - (2.0s scan)
[6095.1s] 2 palettes, on screen: ['ploc2/27100/0', 'ploc2/27140/0', 'ploc2/27141/0'], elsewhere in memory: - (2.0s scan)
[6100.1s] 2 palettes, on screen: ['ploc2/27100/0', 'ploc2/27140/0', 'ploc2/27141/0'], elsewhere in memory: - (1.9s scan)
[6105.1s] 2 palettes, on screen: ['ploc2/27100/0', 'ploc2/27140/0', 'ploc2/27141/0'], elsewhere in memory: - (2.0s scan)
[6110.1s] 2 palettes, on screen: ['ploc2/27100/0', 'ploc2/27140/0', 'ploc2/27141/0'], elsewhere in memory: - (2.0s scan)
[6115.1s] 2 palettes, on screen: ['ploc2/27100/0', 'ploc2/27140/0', 'ploc2/27141/0'], elsewhere in memory: - (2.0s scan)
[6120.1s] 2 palettes, on screen: ['ploc2/27100/0', 'ploc2/27140/0', 'ploc2/27141/0'], elsewhere in memory: - (2.0s scan)
[6125.1s] 2 palettes, on screen: ['ploc2/27100/0', 'ploc2/27140/0', 'ploc2/27141/0'], elsewhere in memory: - (2.0s scan)
[6130.1s] 2 palettes, on screen: ['ploc2/27100/0', 'ploc2/27140/0', 'ploc2/27141/0'], elsewhere in memory: - (2.0s scan)
[6135.1s] 2 palettes, on screen: ['ploc2/27100/0', 'ploc2/27140/0', 'ploc2/27141/0'], elsewhere in memory: - (2.0s scan)
[6140.1s] 2 palettes, on screen: ['ploc2/27100/0', 'ploc2/27140/0', 'ploc2/27141/0'], elsewhere in memory: - (2.0s scan)
[6145.1s] 2 palettes, on screen: ['ploc2/27100/0', 'ploc2/27140/0', 'ploc2/27141/0'], elsewhere in memory: - (2.0s scan)
[6150.1s] 2 palettes, on screen: ['ploc2/27100/0', 'ploc2/27140/0', 'ploc2/27141/0'], elsewhere in memory: - (2.0s scan)
[6155.1s] 2 palettes, on screen: ['ploc2/27100/0', 'ploc2/27140/0', 'ploc2/27141/0'], elsewhere in memory: - (2.0s scan)
[6160.1s] 2 palettes, on screen: ['ploc2/27100/0', 'ploc2/27140/0', 'ploc2/27141/0'], elsewhere in memory: - (2.0s scan)
[6165.1s] 2 palettes, on screen: ['ploc2/27100/0', 'ploc2/27140/0', 'ploc2/27141/0'], elsewhere in memory: - (2.0s scan)
[6170.1s] 2 palettes, on screen: ['ploc2/27100/0', 'ploc2/27140/0', 'ploc2/27141/0'], elsewhere in memory: - (2.0s scan)
[6175.1s] 2 palettes, on screen: ['ploc2/27100/0', 'ploc2/27140/0', 'ploc2/27141/0'], elsewhere in memory: - (2.0s scan)
[6180.1s] 2 palettes, on screen: ['ploc2/27100/0', 'ploc2/27140/0', 'ploc2/27141/0'], elsewhere in memory: - (2.0s scan)
[6185.1s] 2 palettes, on screen: ['ploc2/27100/0', 'ploc2/27140/0', 'ploc2/27141/0'], elsewhere in memory: - (2.0s scan)
[6190.1s] 2 palettes, on screen: ['ploc2/27100/0', 'ploc2/27140/0', 'ploc2/27141/0'], elsewhere in memory: - (2.0s scan)
[6195.1s] 2 palettes, on screen: ['ploc2/27100/0', 'ploc2/27140/0', 'ploc2/27141/0'], elsewhere in memory: - (2.0s scan)
[6200.1s] 2 palettes, on screen: ['ploc2/27100/0', 'ploc2/27140/0', 'ploc2/27141/0'], elsewhere in memory: - (2.0s scan)
[6205.1s] 2 palettes, on screen: ['ploc2/27100/0', 'ploc2/27140/0', 'ploc2/27141/0'], elsewhere in memory: - (2.0s scan)
[6210.1s] 2 palettes, on screen: ['ploc2/27100/0', 'ploc2/27140/0', 'ploc2/27141/0'], elsewhere in memory: - (2.0s scan)
[6215.1s] 2 palettes, on screen: ['ploc2/27100/0', 'ploc2/27140/0', 'ploc2/27141/0'], elsewhere in memory: - (2.0s scan)
[6220.1s] 2 palettes, on screen: ['ploc2/27100/0', 'ploc2/27140/0', 'ploc2/27141/0'], elsewhere in memory: - (2.0s scan)
[6225.1s] 2 palettes, on screen: ['ploc2/27100/0', 'ploc2/27140/0', 'ploc2/27141/0'], elsewhere in memory: - (2.0s scan)
[6230.1s] 2 palettes, on screen: ['ploc2/27100/0', 'ploc2/27140/0', 'ploc2/27141/0'], elsewhere in memory: - (2.0s scan)
[6235.1s] 2 palettes, on screen: ['ploc2/27100/0', 'ploc2/27140/0', 'ploc2/27141/0'], elsewhere in memory: - (1.9s scan)
[6240.1s] 2 palettes, on screen: ['ploc2/27100/0', 'ploc2/27140/0', 'ploc2/27141/0'], elsewhere in memory: - (2.0s scan)
[6245.1s] 2 palettes, on screen: ['ploc2/27100/0', 'ploc2/27140/0', 'ploc2/27141/0'], elsewhere in memory: - (2.0s scan)
[6250.1s] 2 palettes, on screen: ['ploc2/27100/0', 'ploc2/27140/0', 'ploc2/27141/0'], elsewhere in memory: - (2.0s scan)
[6255.1s] 2 palettes, on screen: ['ploc2/27100/0', 'ploc2/27140/0', 'ploc2/27141/0'], elsewhere in memory: - (2.0s scan)
[6260.1s] 2 palettes, on screen: ['ploc2/27100/0', 'ploc2/27140/0', 'ploc2/27141/0'], elsewhere in memory: - (1.9s scan)
[6265.1s] 2 palettes, on screen: ['ploc2/27100/0', 'ploc2/27140/0', 'ploc2/27141/0'], elsewhere in memory: - (2.0s scan)
[6270.1s] 2 palettes, on screen: ['ploc2/27100/0', 'ploc2/27140/0', 'ploc2/27141/0'], elsewhere in memory: - (2.0s scan)
[6275.1s] 2 palettes, on screen: ['ploc2/27100/0', 'ploc2/27140/0', 'ploc2/27141/0'], elsewhere in memory: - (2.0s scan)
[6280.1s] 2 palettes, on screen: ['ploc2/27100/0', 'ploc2/27140/0', 'ploc2/27141/0'], elsewhere in memory: - (2.0s scan)
[6285.1s] 2 palettes, on screen: ['ploc2/27100/0', 'ploc2/27140/0', 'ploc2/27141/0'], elsewhere in memory: - (2.0s scan)
[6290.1s] 2 palettes, on screen: ['ploc2/27100/0', 'ploc2/27140/0', 'ploc2/27141/0'], elsewhere in memory: - (2.0s scan)
[6295.1s] 2 palettes, on screen: ['ploc2/27100/0', 'ploc2/27140/0', 'ploc2/27141/0'], elsewhere in memory: - (2.0s scan)
[6300.1s] 2 palettes, on screen: ['ploc2/27100/0', 'ploc2/27140/0', 'ploc2/27141/0'], elsewhere in memory: - (2.0s scan)
[6305.1s] 2 palettes, on screen: ['ploc2/27100/0', 'ploc2/27140/0', 'ploc2/27141/0'], elsewhere in memory: - (2.0s scan)
[6310.1s] 2 palettes, on screen: ['ploc2/27100/0', 'ploc2/27140/0', 'ploc2/27141/0'], elsewhere in memory: - (2.0s scan)
[6315.1s] 2 palettes, on screen: ['ploc2/27100/0', 'ploc2/27140/0', 'ploc2/27141/0'], elsewhere in memory: - (2.0s scan)
[6320.1s] 2 palettes, on screen: ['ploc2/27100/0', 'ploc2/27140/0', 'ploc2/27141/0'], elsewhere in memory: - (2.0s scan)
[6325.1s] 2 palettes, on screen: ['ploc2/27100/0', 'ploc2/27140/0', 'ploc2/27141/0'], elsewhere in memory: - (2.0s scan)
[6330.1s] 2 palettes, on screen: ['ploc2/27100/0', 'ploc2/27140/0', 'ploc2/27141/0'], elsewhere in memory: - (2.0s scan)
[6335.1s] 2 palettes, on screen: ['ploc2/27100/0', 'ploc2/27140/0', 'ploc2/27141/0'], elsewhere in memory: - (2.0s scan)
[6340.1s] 2 palettes, on screen: ['ploc2/27100/0', 'ploc2/27140/0', 'ploc2/27141/0'], elsewhere in memory: - (2.0s scan)
[6345.1s] 2 palettes, on screen: ['ploc2/27100/0', 'ploc2/27140/0', 'ploc2/27141/0'], elsewhere in memory: - (2.0s scan)
[6350.1s] 2 palettes, on screen: ['ploc2/27100/0', 'ploc2/27140/0', 'ploc2/27141/0'], elsewhere in memory: - (2.0s scan)
[6355.1s] 2 palettes, on screen: ['ploc2/27100/0', 'ploc2/27140/0', 'ploc2/27141/0'], elsewhere in memory: - (2.0s scan)
[6360.1s] 2 palettes, on screen: ['ploc2/27100/0', 'ploc2/27140/0', 'ploc2/27141/0'], elsewhere in memory: - (1.9s scan)
[6365.1s] 2 palettes, on screen: ['ploc2/27100/0', 'ploc2/27140/0', 'ploc2/27141/0'], elsewhere in memory: - (2.0s scan)
[6370.1s] 2 palettes, on screen: ['ploc2/27100/0', 'ploc2/27140/0', 'ploc2/27141/0'], elsewhere in memory: - (2.0s scan)
[6375.1s] 2 palettes, on screen: ['ploc2/27100/0', 'ploc2/27140/0', 'ploc2/27141/0'], elsewhere in memory: - (1.9s scan)
[6380.1s] 2 palettes, on screen: ['ploc2/27100/0', 'ploc2/27140/0', 'ploc2/27141/0'], elsewhere in memory: - (2.0s scan)
[6385.1s] 2 palettes, on screen: ['ploc2/27100/0', 'ploc2/27140/0', 'ploc2/27141/0'], elsewhere in memory: - (2.0s scan)
[6390.1s] 2 palettes, on screen: ['ploc2/27100/0', 'ploc2/27140/0', 'ploc2/27141/0'], elsewhere in memory: - (2.0s scan)
[6395.1s] 2 palettes, on screen: ['ploc2/27100/0', 'ploc2/27140/0', 'ploc2/27141/0'], elsewhere in memory: - (2.0s scan)
[6400.1s] 2 palettes, on screen: ['ploc2/27100/0', 'ploc2/27140/0', 'ploc2/27141/0'], elsewhere in memory: - (2.0s scan)
[6405.1s] 2 palettes, on screen: ['ploc2/27100/0', 'ploc2/27140/0', 'ploc2/27141/0'], elsewhere in memory: - (2.0s scan)
[6410.1s] 2 palettes, on screen: ['ploc2/27100/0', 'ploc2/27140/0', 'ploc2/27141/0'], elsewhere in memory: - (2.0s scan)
[6415.1s] 2 palettes, on screen: ['ploc2/27100/0', 'ploc2/27140/0', 'ploc2/27141/0'], elsewhere in memory: - (2.0s scan)
[6420.1s] 2 palettes, on screen: ['ploc2/27100/0', 'ploc2/27140/0', 'ploc2/27141/0'], elsewhere in memory: - (2.0s scan)
[6425.1s] 2 palettes, on screen: ['ploc2/27100/0', 'ploc2/27140/0', 'ploc2/27141/0'], elsewhere in memory: - (1.9s scan)
[6430.1s] 2 palettes, on screen: ['ploc2/27100/0', 'ploc2/27140/0', 'ploc2/27141/0'], elsewhere in memory: - (2.0s scan)
[6435.1s] 2 palettes, on screen: ['ploc2/27100/0', 'ploc2/27140/0', 'ploc2/27141/0'], elsewhere in memory: - (2.0s scan)
[6440.1s] 2 palettes, on screen: ['ploc2/27100/0', 'ploc2/27140/0', 'ploc2/27141/0'], elsewhere in memory: - (2.0s scan)
[6445.1s] 2 palettes, on screen: ['ploc2/27100/0', 'ploc2/27140/0', 'ploc2/27141/0'], elsewhere in memory: - (2.0s scan)
[6450.1s] 2 palettes, on screen: ['ploc2/27100/0', 'ploc2/27140/0', 'ploc2/27141/0'], elsewhere in memory: - (2.0s scan)
[6455.1s] 2 palettes, on screen: ['ploc2/27100/0', 'ploc2/27140/0', 'ploc2/27141/0'], elsewhere in memory: - (2.0s scan)
[6460.1s] 2 palettes, on screen: ['ploc2/27100/0', 'ploc2/27140/0', 'ploc2/27141/0'], elsewhere in memory: - (2.0s scan)
[6465.1s] 2 palettes, on screen: ['ploc2/27100/0', 'ploc2/27140/0', 'ploc2/27141/0'], elsewhere in memory: - (2.0s scan)
[6470.1s] 2 palettes, on screen: ['ploc2/27100/0', 'ploc2/27140/0', 'ploc2/27141/0'], elsewhere in memory: - (2.0s scan)
[6475.1s] 2 palettes, on screen: ['ploc2/27100/0', 'ploc2/27140/0', 'ploc2/27141/0'], elsewhere in memory: - (2.0s scan)
[6480.1s] 2 palettes, on screen: ['ploc2/27100/0', 'ploc2/27140/0', 'ploc2/27141/0'], elsewhere in memory: - (2.0s scan)
[6485.1s] 2 palettes, on screen: ['ploc2/27100/0', 'ploc2/27140/0', 'ploc2/27141/0'], elsewhere in memory: - (2.0s scan)
[6490.1s] 2 palettes, on screen: ['ploc2/27100/0', 'ploc2/27140/0', 'ploc2/27141/0'], elsewhere in memory: - (2.0s scan)
[6495.1s] 2 palettes, on screen: ['ploc2/27100/0', 'ploc2/27140/0', 'ploc2/27141/0'], elsewhere in memory: - (2.0s scan)
[6500.1s] 2 palettes, on screen: ['ploc2/27100/0', 'ploc2/27140/0', 'ploc2/27141/0'], elsewhere in memory: - (2.0s scan)
[6505.1s] 2 palettes, on screen: ['ploc2/27100/0', 'ploc2/27140/0', 'ploc2/27141/0'], elsewhere in memory: - (2.0s scan)
[6510.1s] 2 palettes, on screen: ['ploc2/27100/0', 'ploc2/27140/0', 'ploc2/27141/0'], elsewhere in memory: - (2.0s scan)
[6515.1s] 2 palettes, on screen: ['ploc2/27100/0', 'ploc2/27140/0', 'ploc2/27141/0'], elsewhere in memory: - (2.0s scan)
[6520.1s] 2 palettes, on screen: ['ploc2/27100/0', 'ploc2/27140/0', 'ploc2/27141/0'], elsewhere in memory: - (2.0s scan)
[6525.1s] 2 palettes, on screen: ['ploc2/27100/0', 'ploc2/27140/0', 'ploc2/27141/0'], elsewhere in memory: - (1.9s scan)
[6530.1s] 2 palettes, on screen: ['ploc2/27100/0', 'ploc2/27140/0', 'ploc2/27141/0'], elsewhere in memory: - (2.0s scan)
[6535.1s] 2 palettes, on screen: ['ploc2/27100/0', 'ploc2/27140/0', 'ploc2/27141/0'], elsewhere in memory: - (2.0s scan)
[6540.1s] 2 palettes, on screen: ['ploc2/27100/0', 'ploc2/27140/0', 'ploc2/27141/0'], elsewhere in memory: - (2.0s scan)
[6545.1s] 2 palettes, on screen: ['ploc2/27100/0', 'ploc2/27140/0', 'ploc2/27141/0'], elsewhere in memory: - (2.0s scan)
[6550.1s] 2 palettes, on screen: ['ploc2/27100/0', 'ploc2/27140/0', 'ploc2/27141/0'], elsewhere in memory: - (2.0s scan)
[6555.1s] 2 palettes, on screen: ['ploc2/27100/0', 'ploc2/27140/0', 'ploc2/27141/0'], elsewhere in memory: - (2.0s scan)
[6560.1s] 2 palettes, on screen: ['ploc2/27100/0', 'ploc2/27140/0', 'ploc2/27141/0'], elsewhere in memory: - (2.0s scan)
[6565.1s] 2 palettes, on screen: ['ploc2/27100/0', 'ploc2/27140/0', 'ploc2/27141/0'], elsewhere in memory: - (2.0s scan)
[6570.1s] 2 palettes, on screen: ['ploc2/27100/0', 'ploc2/27140/0', 'ploc2/27141/0'], elsewhere in memory: - (2.0s scan)
[6575.1s] 2 palettes, on screen: ['ploc2/27100/0', 'ploc2/27140/0', 'ploc2/27141/0'], elsewhere in memory: - (2.0s scan)
[6580.1s] 2 palettes, on screen: ['ploc2/27100/0', 'ploc2/27140/0', 'ploc2/27141/0'], elsewhere in memory: - (2.0s scan)
[6585.1s] 2 palettes, on screen: ['ploc2/27100/0', 'ploc2/27140/0', 'ploc2/27141/0'], elsewhere in memory: - (2.0s scan)
[6590.1s] 2 palettes, on screen: ['ploc2/27100/0', 'ploc2/27140/0', 'ploc2/27141/0'], elsewhere in memory: - (2.0s scan)
[6595.1s] 2 palettes, on screen: ['ploc2/27100/0', 'ploc2/27140/0', 'ploc2/27141/0'], elsewhere in memory: - (2.0s scan)
[6600.1s] 2 palettes, on screen: ['ploc2/27100/0', 'ploc2/27140/0', 'ploc2/27141/0'], elsewhere in memory: - (2.0s scan)
[6605.1s] 2 palettes, on screen: ['ploc2/27100/0', 'ploc2/27140/0', 'ploc2/27141/0'], elsewhere in memory: - (1.9s scan)
[6610.1s] 2 palettes, on screen: ['ploc2/27100/0', 'ploc2/27140/0', 'ploc2/27141/0'], elsewhere in memory: - (2.0s scan)
[6615.1s] 2 palettes, on screen: ['ploc2/27100/0', 'ploc2/27140/0', 'ploc2/27141/0'], elsewhere in memory: - (2.0s scan)
[6620.1s] 2 palettes, on screen: ['ploc2/27100/0', 'ploc2/27140/0', 'ploc2/27141/0'], elsewhere in memory: - (2.0s scan)
[6625.1s] 2 palettes, on screen: ['ploc2/27100/0', 'ploc2/27140/0', 'ploc2/27141/0'], elsewhere in memory: - (2.0s scan)
[6630.1s] 2 palettes, on screen: ['ploc2/27100/0', 'ploc2/27140/0', 'ploc2/27141/0'], elsewhere in memory: - (1.9s scan)
[6635.1s] 2 palettes, on screen: ['ploc2/27100/0', 'ploc2/27140/0', 'ploc2/27141/0'], elsewhere in memory: - (2.0s scan)
[6640.1s] 2 palettes, on screen: ['ploc2/27100/0', 'ploc2/27140/0', 'ploc2/27141/0'], elsewhere in memory: - (2.0s scan)
[6645.1s] 2 palettes, on screen: ['ploc2/27100/0', 'ploc2/27140/0', 'ploc2/27141/0'], elsewhere in memory: - (2.0s scan)
[6650.1s] 2 palettes, on screen: ['ploc2/27100/0', 'ploc2/27140/0', 'ploc2/27141/0'], elsewhere in memory: - (2.0s scan)
[6655.1s] 2 palettes, on screen: ['ploc2/27100/0', 'ploc2/27140/0', 'ploc2/27141/0'], elsewhere in memory: - (2.1s scan)
[6660.1s] 2 palettes, on screen: ['ploc2/27100/0', 'ploc2/27140/0', 'ploc2/27141/0'], elsewhere in memory: - (2.3s scan)
[6665.1s] 2 palettes, on screen: ['ploc2/27100/0', 'ploc2/27140/0', 'ploc2/27141/0'], elsewhere in memory: - (2.2s scan)
[6670.1s] 2 palettes, on screen: ['ploc2/27100/0', 'ploc2/27140/0', 'ploc2/27141/0'], elsewhere in memory: - (2.2s scan)
[6675.1s] 2 palettes, on screen: ['ploc2/27100/0', 'ploc2/27140/0', 'ploc2/27141/0'], elsewhere in memory: - (2.2s scan)
[6680.1s] 2 palettes, on screen: ['ploc2/27100/0', 'ploc2/27140/0', 'ploc2/27141/0'], elsewhere in memory: - (2.2s scan)
[6685.1s] 2 palettes, on screen: ['ploc2/27100/0', 'ploc2/27140/0', 'ploc2/27141/0'], elsewhere in memory: - (2.1s scan)
[6690.1s] 2 palettes, on screen: ['ploc2/27100/0', 'ploc2/27140/0', 'ploc2/27141/0'], elsewhere in memory: - (2.2s scan)
[6695.1s] 2 palettes, on screen: ['ploc2/27100/0', 'ploc2/27140/0', 'ploc2/27141/0'], elsewhere in memory: - (2.2s scan)
[6700.1s] 2 palettes, on screen: ['ploc2/27100/0', 'ploc2/27140/0', 'ploc2/27141/0'], elsewhere in memory: - (2.2s scan)
[6705.1s] 2 palettes, on screen: ['ploc2/27100/0', 'ploc2/27140/0', 'ploc2/27141/0'], elsewhere in memory: - (2.4s scan)
[6710.1s] 2 palettes, on screen: ['ploc2/27100/0', 'ploc2/27140/0', 'ploc2/27141/0'], elsewhere in memory: - (2.5s scan)
[6715.1s] 2 palettes, on screen: ['ploc2/27100/0', 'ploc2/27140/0', 'ploc2/27141/0'], elsewhere in memory: - (2.1s scan)
[6720.1s] 2 palettes, on screen: ['ploc2/27100/0', 'ploc2/27140/0', 'ploc2/27141/0'], elsewhere in memory: - (2.2s scan)
[6725.1s] 2 palettes, on screen: ['ploc2/27100/0', 'ploc2/27140/0', 'ploc2/27141/0'], elsewhere in memory: - (2.4s scan)
[6730.1s] 2 palettes, on screen: ['ploc2/27100/0', 'ploc2/27140/0', 'ploc2/27141/0'], elsewhere in memory: - (2.0s scan)
[6735.1s] 3 palettes, on screen: ['ploc2/27100/0', 'ploc2/27140/0', 'ploc2/27141/0'], elsewhere in memory: - (2.0s scan)
[6740.1s] 3 palettes, on screen: ['pws1/22000/0'], elsewhere in memory: - (1.9s scan)
[6745.1s] 2 palettes, on screen: ['pws1/22000/0'], elsewhere in memory: - (1.9s scan)
[6750.1s] 3 palettes, on screen: ['pws1/22000/0'], elsewhere in memory: - (1.9s scan)
[6755.1s] 3 palettes, on screen: ['pws1/22000/0'], elsewhere in memory: - (2.0s scan)
[6760.1s] 3 palettes, on screen: ['pws1/22000/0'], elsewhere in memory: - (2.1s scan)
[6765.1s] 3 palettes, on screen: ['pws1/22000/0'], elsewhere in memory: - (2.0s scan)
[6770.1s] 3 palettes, on screen: ['pws1/22000/0'], elsewhere in memory: - (2.0s scan)
  pws1/22000/0: palette 6b51f4d1f2ab score 0.885 (runner-up 1.0490638459017803)
[6775.1s] 3 palettes, on screen: ['pws1/22000/0'], elsewhere in memory: - (2.1s scan)
[6780.1s] 3 palettes, on screen: ['ploc3/27200/0'], elsewhere in memory: - (2.0s scan)
[6785.1s] 3 palettes, on screen: ['pws2/22500/0'], elsewhere in memory: - (1.9s scan)
[6790.1s] 3 palettes, on screen: ['pws2/22500/0'], elsewhere in memory: - (2.0s scan)
[6795.1s] 3 palettes, on screen: ['pws2/22500/0'], elsewhere in memory: - (2.0s scan)
[6800.1s] 3 palettes, on screen: ['pws2/22500/0'], elsewhere in memory: - (1.9s scan)
[6805.1s] 3 palettes, on screen: ['pws2/22500/0'], elsewhere in memory: - (1.9s scan)
[6810.1s] 3 palettes, on screen: ['pws2/22500/0'], elsewhere in memory: - (1.9s scan)
[6815.1s] 3 palettes, on screen: ['pws2/22500/0'], elsewhere in memory: - (2.0s scan)
[6820.1s] 3 palettes, on screen: ['pws2/22500/0'], elsewhere in memory: - (1.9s scan)
[6825.1s] 3 palettes, on screen: ['pws2/22500/0'], elsewhere in memory: - (1.9s scan)
[6830.1s] 3 palettes, on screen: ['pws2/22500/0'], elsewhere in memory: - (2.0s scan)
[6835.1s] 3 palettes, on screen: ['pws2/22500/0'], elsewhere in memory: - (1.9s scan)
[6840.1s] 3 palettes, on screen: ['pws2/22500/0'], elsewhere in memory: - (1.9s scan)
[6845.1s] 3 palettes, on screen: ['pws2/22500/0'], elsewhere in memory: - (2.0s scan)
[6850.1s] 3 palettes, on screen: ['pws2/22500/0'], elsewhere in memory: - (1.9s scan)
[6855.1s] 3 palettes, on screen: ['pws2/22500/0'], elsewhere in memory: - (1.9s scan)
[6860.1s] 3 palettes, on screen: ['pws2/22500/0'], elsewhere in memory: - (2.0s scan)
[6865.1s] 3 palettes, on screen: ['pws2/22500/0'], elsewhere in memory: - (1.9s scan)
[6870.1s] 4 palettes, on screen: ['ploc2/27100/0', 'ploc2/27140/0', 'ploc2/27141/0'], elsewhere in memory: - (1.9s scan)
[6875.1s] 4 palettes, on screen: ['ploc2/27100/0', 'ploc2/27140/0', 'ploc2/27141/0'], elsewhere in memory: - (1.9s scan)
[6880.1s] 4 palettes, on screen: ['ploc2/27100/0', 'ploc2/27140/0', 'ploc2/27141/0'], elsewhere in memory: - (1.9s scan)
[6885.1s] 4 palettes, on screen: ['ploc2/27100/0', 'ploc2/27140/0', 'ploc2/27141/0'], elsewhere in memory: - (1.9s scan)
[6890.1s] 4 palettes, on screen: ['ploc2/27100/0', 'ploc2/27140/0', 'ploc2/27141/0'], elsewhere in memory: - (1.9s scan)
[6895.1s] 2 palettes, on screen: ['pws1/22000/0'], elsewhere in memory: - (1.9s scan)
[6900.1s] 3 palettes, on screen: ['pws1/22000/0'], elsewhere in memory: - (1.9s scan)
[6905.1s] 3 palettes, on screen: ['pws1/22000/0'], elsewhere in memory: - (1.9s scan)
[6910.1s] 3 palettes, on screen: ['pws1/22000/0'], elsewhere in memory: - (1.9s scan)
[6915.1s] 3 palettes, on screen: ['pws1/22000/0'], elsewhere in memory: - (1.9s scan)
[6920.1s] 3 palettes, on screen: ['pws1/22000/0'], elsewhere in memory: - (2.0s scan)
[6925.1s] 3 palettes, on screen: ['pws1/22000/0'], elsewhere in memory: - (1.9s scan)
[6930.1s] 3 palettes, on screen: ['pws1/22000/0'], elsewhere in memory: - (1.9s scan)
[6935.1s] 2 palettes, on screen: ['pws1/22000/0'], elsewhere in memory: - (2.0s scan)
[6940.1s] 2 palettes, on screen: ['pws1/22000/0'], elsewhere in memory: - (2.0s scan)
[6945.1s] 2 palettes, on screen: ['pws1/22000/0'], elsewhere in memory: - (2.1s scan)
[6950.1s] 2 palettes, on screen: ['pws1/22000/0'], elsewhere in memory: - (2.3s scan)
[6955.1s] 2 palettes, on screen: ['pws1/22000/0'], elsewhere in memory: - (2.1s scan)
[6960.1s] 2 palettes, on screen: ['pws1/22000/0'], elsewhere in memory: - (2.0s scan)
[6965.1s] 2 palettes, on screen: ['pws1/22000/0'], elsewhere in memory: - (2.0s scan)
[6970.1s] 2 palettes, on screen: ['pws1/22000/0'], elsewhere in memory: - (2.1s scan)
[6975.1s] 2 palettes, on screen: ['pws1/22000/0'], elsewhere in memory: - (2.0s scan)
[6980.1s] 2 palettes, on screen: ['pws1/22000/0'], elsewhere in memory: - (2.3s scan)
[6985.1s] 2 palettes, on screen: ['pws1/22000/0'], elsewhere in memory: - (2.2s scan)
[6990.1s] 2 palettes, on screen: ['pws1/22000/0'], elsewhere in memory: - (2.2s scan)
[6995.1s] 2 palettes, on screen: ['pws1/22000/0'], elsewhere in memory: - (2.1s scan)
[7000.1s] 2 palettes, on screen: ['pws1/22000/0'], elsewhere in memory: - (2.1s scan)
[7005.1s] 2 palettes, on screen: ['pws1/22000/0'], elsewhere in memory: - (2.1s scan)
[7010.1s] 2 palettes, on screen: ['pws1/22000/0'], elsewhere in memory: - (2.1s scan)
[7015.1s] 2 palettes, on screen: ['pws1/22000/0'], elsewhere in memory: - (2.1s scan)
[7020.1s] 2 palettes, on screen: ['pws1/22000/0'], elsewhere in memory: - (2.1s scan)
[7025.1s] 2 palettes, on screen: ['pws1/22000/0'], elsewhere in memory: - (2.1s scan)
[7030.1s] 2 palettes, on screen: ['pws1/22000/0'], elsewhere in memory: - (2.1s scan)
[7035.1s] 2 palettes, on screen: ['pws1/22000/0'], elsewhere in memory: - (2.1s scan)
[7040.1s] 2 palettes, on screen: ['pws1/22000/0'], elsewhere in memory: - (2.1s scan)
[7045.1s] 2 palettes, on screen: ['pws1/22000/0'], elsewhere in memory: - (2.1s scan)
[7050.1s] 2 palettes, on screen: ['pws1/22000/0'], elsewhere in memory: - (2.1s scan)
[7055.1s] 2 palettes, on screen: ['pws1/22000/0'], elsewhere in memory: - (2.1s scan)
[7060.1s] 2 palettes, on screen: ['pws1/22000/0'], elsewhere in memory: - (2.1s scan)
[7065.1s] 2 palettes, on screen: ['pws1/22000/0'], elsewhere in memory: - (2.1s scan)
[7070.1s] 2 palettes, on screen: ['pws1/22000/0'], elsewhere in memory: - (2.1s scan)
[7075.1s] 2 palettes, on screen: ['pws1/22000/0'], elsewhere in memory: - (2.1s scan)
[7080.1s] 2 palettes, on screen: ['pws1/22000/0'], elsewhere in memory: - (2.1s scan)
[7085.1s] 2 palettes, on screen: ['pws1/22000/0'], elsewhere in memory: - (2.1s scan)
[7090.1s] 2 palettes, on screen: ['pws1/22000/0'], elsewhere in memory: - (2.2s scan)
[7095.1s] 2 palettes, on screen: ['pws1/22000/0'], elsewhere in memory: - (2.3s scan)
[7100.1s] 2 palettes, on screen: ['pws1/22000/0'], elsewhere in memory: - (2.3s scan)
[7105.1s] 2 palettes, on screen: ['pws1/22000/0'], elsewhere in memory: - (2.2s scan)
[7110.1s] 2 palettes, on screen: ['pws1/22000/0'], elsewhere in memory: - (2.1s scan)
[7115.1s] 2 palettes, on screen: ['pws1/22000/0'], elsewhere in memory: - (2.0s scan)
[7120.1s] 2 palettes, on screen: ['pws1/22000/0'], elsewhere in memory: - (2.1s scan)
[7125.1s] 2 palettes, on screen: ['pws1/22000/0'], elsewhere in memory: - (2.2s scan)
[7130.1s] 2 palettes, on screen: ['pws1/22000/0'], elsewhere in memory: - (2.1s scan)
[7135.1s] 2 palettes, on screen: ['pws1/22000/0'], elsewhere in memory: - (2.1s scan)
[7140.1s] 2 palettes, on screen: ['pws1/22000/0'], elsewhere in memory: - (2.1s scan)
[7145.1s] 2 palettes, on screen: ['pws1/22000/0'], elsewhere in memory: - (2.1s scan)
[7150.1s] 2 palettes, on screen: ['pws1/22000/0'], elsewhere in memory: - (2.1s scan)
[7155.1s] 2 palettes, on screen: ['pws1/22000/0'], elsewhere in memory: - (2.1s scan)
[7160.1s] 2 palettes, on screen: ['pws1/22000/0'], elsewhere in memory: - (2.1s scan)
[7165.1s] 2 palettes, on screen: ['pws1/22000/0'], elsewhere in memory: - (2.1s scan)
[7170.1s] 2 palettes, on screen: ['pws1/22000/0'], elsewhere in memory: - (2.1s scan)
[7175.1s] 2 palettes, on screen: ['pws1/22000/0'], elsewhere in memory: - (2.1s scan)
[7180.1s] 2 palettes, on screen: ['pws1/22000/0'], elsewhere in memory: - (2.1s scan)
[7185.1s] 2 palettes, on screen: ['pws1/22000/0'], elsewhere in memory: - (2.1s scan)
[7190.1s] 2 palettes, on screen: ['pws1/22000/0'], elsewhere in memory: - (2.1s scan)
[7195.1s] 2 palettes, on screen: ['pws1/22000/0'], elsewhere in memory: - (2.1s scan)
[7200.1s] 2 palettes, on screen: ['pws1/22000/0'], elsewhere in memory: - (2.1s scan)
[7205.1s] 2 palettes, on screen: ['pws1/22000/0'], elsewhere in memory: - (2.1s scan)
[7210.1s] 2 palettes, on screen: ['pws1/22000/0'], elsewhere in memory: - (2.1s scan)
[7215.1s] 2 palettes, on screen: ['pws1/22000/0'], elsewhere in memory: - (2.1s scan)
[7220.1s] 2 palettes, on screen: ['pws1/22000/0'], elsewhere in memory: - (2.1s scan)
[7225.1s] 2 palettes, on screen: ['pws1/22000/0'], elsewhere in memory: - (2.1s scan)
[7230.1s] 2 palettes, on screen: ['pws1/22000/0'], elsewhere in memory: - (2.1s scan)
[7235.1s] 2 palettes, on screen: ['pws1/22000/0'], elsewhere in memory: - (2.2s scan)
[7240.1s] 2 palettes, on screen: ['pws1/22000/0'], elsewhere in memory: - (2.2s scan)
[7245.1s] 2 palettes, on screen: ['pws1/22000/0'], elsewhere in memory: - (2.2s scan)
[7250.1s] 2 palettes, on screen: ['pws1/22000/0'], elsewhere in memory: - (2.2s scan)
[7255.1s] 2 palettes, on screen: ['pws1/22000/0'], elsewhere in memory: - (2.2s scan)
[7260.1s] 2 palettes, on screen: ['pws1/22000/0'], elsewhere in memory: - (2.2s scan)
[7265.1s] 2 palettes, on screen: ['pws1/22000/0'], elsewhere in memory: - (2.1s scan)
[7270.1s] 2 palettes, on screen: ['pws1/22000/0'], elsewhere in memory: - (2.2s scan)
[7275.1s] 2 palettes, on screen: ['pws1/22000/0'], elsewhere in memory: - (2.2s scan)
[7280.1s] 2 palettes, on screen: ['pws1/22000/0'], elsewhere in memory: - (2.1s scan)
[7285.1s] 2 palettes, on screen: ['pws1/22000/0'], elsewhere in memory: - (2.1s scan)
[7290.1s] 2 palettes, on screen: ['pws1/22000/0'], elsewhere in memory: - (2.1s scan)
[7295.1s] 2 palettes, on screen: ['pws1/22000/0'], elsewhere in memory: - (2.0s scan)
[7300.1s] 2 palettes, on screen: ['pws1/22000/0'], elsewhere in memory: - (2.1s scan)
[7305.1s] 2 palettes, on screen: ['pws1/22000/0'], elsewhere in memory: - (2.1s scan)
[7310.1s] 2 palettes, on screen: ['pws1/22000/0'], elsewhere in memory: - (2.2s scan)
[7315.1s] 2 palettes, on screen: ['pws1/22000/0'], elsewhere in memory: - (2.2s scan)
[7320.1s] 2 palettes, on screen: ['pws1/22000/0'], elsewhere in memory: - (2.0s scan)
[7325.1s] 2 palettes, on screen: ['pws1/22000/0'], elsewhere in memory: - (2.2s scan)
[7330.1s] 2 palettes, on screen: ['pws1/22000/0'], elsewhere in memory: - (2.1s scan)
[7335.1s] 2 palettes, on screen: ['pws1/22000/0'], elsewhere in memory: - (2.0s scan)
[7340.1s] 2 palettes, on screen: ['pws1/22000/0'], elsewhere in memory: - (2.1s scan)
[7345.1s] 2 palettes, on screen: ['pws1/22000/0'], elsewhere in memory: - (2.1s scan)
[7350.1s] 2 palettes, on screen: ['pws1/22000/0'], elsewhere in memory: - (2.1s scan)
[7355.1s] 2 palettes, on screen: ['pws1/22000/0'], elsewhere in memory: - (2.0s scan)
[7360.1s] 2 palettes, on screen: ['pws1/22000/0'], elsewhere in memory: - (2.2s scan)
[7365.1s] 2 palettes, on screen: ['pws1/22000/0'], elsewhere in memory: - (2.2s scan)
[7370.1s] 2 palettes, on screen: ['pws1/22000/0'], elsewhere in memory: - (2.0s scan)
[7375.1s] 2 palettes, on screen: ['pws1/22000/0'], elsewhere in memory: - (2.1s scan)
[7380.1s] 2 palettes, on screen: ['pws1/22000/0'], elsewhere in memory: - (2.2s scan)
[7385.1s] 2 palettes, on screen: ['pws1/22000/0'], elsewhere in memory: - (2.3s scan)
[7390.1s] 2 palettes, on screen: ['pws1/22000/0'], elsewhere in memory: - (2.3s scan)
[7395.1s] 2 palettes, on screen: ['pws1/22000/0'], elsewhere in memory: - (2.1s scan)
[7400.1s] 2 palettes, on screen: ['pws1/22000/0'], elsewhere in memory: - (2.1s scan)
[7405.1s] 2 palettes, on screen: ['pws1/22000/0'], elsewhere in memory: - (2.2s scan)
[7410.1s] 2 palettes, on screen: ['pws1/22000/0'], elsewhere in memory: - (2.1s scan)
[7415.1s] 2 palettes, on screen: ['pws1/22000/0'], elsewhere in memory: - (2.2s scan)
[7420.1s] 2 palettes, on screen: ['pws1/22000/0'], elsewhere in memory: - (2.2s scan)
[7425.1s] 2 palettes, on screen: ['pws1/22000/0'], elsewhere in memory: - (2.2s scan)
[7430.1s] 2 palettes, on screen: ['pws1/22000/0'], elsewhere in memory: - (2.0s scan)
[7435.1s] 2 palettes, on screen: ['pws1/22000/0'], elsewhere in memory: - (2.0s scan)
[7440.1s] 2 palettes, on screen: ['pws1/22000/0'], elsewhere in memory: - (2.1s scan)
[7445.1s] 2 palettes, on screen: ['pws1/22000/0'], elsewhere in memory: - (2.2s scan)
[7450.1s] 2 palettes, on screen: ['pws1/22000/0'], elsewhere in memory: - (2.2s scan)
[7455.1s] 2 palettes, on screen: ['pws1/22000/0'], elsewhere in memory: - (2.1s scan)
[7460.1s] 2 palettes, on screen: ['pws1/22000/0'], elsewhere in memory: - (2.1s scan)
[7465.1s] 2 palettes, on screen: ['pws1/22000/0'], elsewhere in memory: - (2.1s scan)
[7470.1s] 2 palettes, on screen: ['pws1/22000/0'], elsewhere in memory: - (2.2s scan)
[7475.1s] 2 palettes, on screen: ['pws1/22000/0'], elsewhere in memory: - (2.3s scan)
[7480.1s] 2 palettes, on screen: ['pws1/22000/0'], elsewhere in memory: - (2.3s scan)
[7485.1s] 2 palettes, on screen: ['pws1/22000/0'], elsewhere in memory: - (2.1s scan)
[7490.1s] 2 palettes, on screen: ['pws1/22000/0'], elsewhere in memory: - (2.1s scan)
[7495.1s] 2 palettes, on screen: ['pws1/22000/0'], elsewhere in memory: - (2.1s scan)
[7500.1s] 2 palettes, on screen: ['pws1/22000/0'], elsewhere in memory: - (2.1s scan)
[7505.1s] 2 palettes, on screen: ['pws1/22000/0'], elsewhere in memory: - (2.2s scan)
[7510.1s] 2 palettes, on screen: ['pws1/22000/0'], elsewhere in memory: - (2.2s scan)
[7515.1s] 2 palettes, on screen: ['pws1/22000/0'], elsewhere in memory: - (2.2s scan)
[7520.1s] 2 palettes, on screen: ['pws1/22000/0'], elsewhere in memory: - (2.0s scan)
[7525.1s] 2 palettes, on screen: ['pws1/22000/0'], elsewhere in memory: - (2.1s scan)
[7530.1s] 2 palettes, on screen: ['pws1/22000/0'], elsewhere in memory: - (2.1s scan)
[7535.1s] 2 palettes, on screen: ['pws1/22000/0'], elsewhere in memory: - (2.2s scan)
[7540.1s] 2 palettes, on screen: ['pws1/22000/0'], elsewhere in memory: - (2.2s scan)
[7545.1s] 2 palettes, on screen: ['pws1/22000/0'], elsewhere in memory: - (2.2s scan)
[7550.1s] 2 palettes, on screen: ['pws1/22000/0'], elsewhere in memory: - (2.2s scan)
[7555.1s] 2 palettes, on screen: ['pws1/22000/0'], elsewhere in memory: - (2.1s scan)
[7560.1s] 2 palettes, on screen: ['pws1/22000/0'], elsewhere in memory: - (2.1s scan)
[7565.1s] 2 palettes, on screen: ['pws1/22000/0'], elsewhere in memory: - (2.2s scan)
[7570.1s] 2 palettes, on screen: ['pws1/22000/0'], elsewhere in memory: - (2.2s scan)
[7575.1s] 2 palettes, on screen: ['pws1/22000/0'], elsewhere in memory: - (2.1s scan)
[7580.1s] 2 palettes, on screen: ['pws1/22000/0'], elsewhere in memory: - (2.1s scan)
[7585.1s] 2 palettes, on screen: ['pws1/22000/0'], elsewhere in memory: - (2.1s scan)
[7590.1s] 2 palettes, on screen: ['pws1/22000/0'], elsewhere in memory: - (2.1s scan)
[7595.1s] 2 palettes, on screen: ['pws1/22000/0'], elsewhere in memory: - (2.1s scan)
[7600.1s] 2 palettes, on screen: ['pws1/22000/0'], elsewhere in memory: - (2.1s scan)
[7605.1s] 2 palettes, on screen: ['pws1/22000/0'], elsewhere in memory: - (2.2s scan)
[7610.1s] 2 palettes, on screen: ['pws1/22000/0'], elsewhere in memory: - (2.2s scan)
[7615.1s] 2 palettes, on screen: ['pws1/22000/0'], elsewhere in memory: - (2.2s scan)
[7620.1s] 2 palettes, on screen: ['pws1/22000/0'], elsewhere in memory: - (2.2s scan)
[7625.1s] 2 palettes, on screen: ['pws1/22000/0'], elsewhere in memory: - (2.2s scan)
[7630.1s] 2 palettes, on screen: ['pws1/22000/0'], elsewhere in memory: - (2.2s scan)
[7635.1s] 2 palettes, on screen: ['pws1/22000/0'], elsewhere in memory: - (2.1s scan)
[7640.1s] 2 palettes, on screen: ['pws1/22000/0'], elsewhere in memory: - (2.1s scan)
[7645.1s] 2 palettes, on screen: ['pws1/22000/0'], elsewhere in memory: - (2.2s scan)
[7650.1s] 2 palettes, on screen: ['pws1/22000/0'], elsewhere in memory: - (2.1s scan)
[7655.1s] 2 palettes, on screen: ['pws1/22000/0'], elsewhere in memory: - (2.2s scan)
[7660.1s] 2 palettes, on screen: ['pws1/22000/0'], elsewhere in memory: - (2.3s scan)
[7665.1s] 2 palettes, on screen: ['pws1/22000/0'], elsewhere in memory: - (2.2s scan)
[7670.1s] 2 palettes, on screen: ['pws1/22000/0'], elsewhere in memory: - (2.2s scan)
[7675.1s] 2 palettes, on screen: ['pws1/22000/0'], elsewhere in memory: - (2.2s scan)
[7680.1s] 2 palettes, on screen: ['pws1/22000/0'], elsewhere in memory: - (2.2s scan)
[7685.1s] 2 palettes, on screen: ['pws1/22000/0'], elsewhere in memory: - (2.2s scan)
[7690.1s] 2 palettes, on screen: ['pws1/22000/0'], elsewhere in memory: - (2.1s scan)
[7695.1s] 2 palettes, on screen: ['pws1/22000/0'], elsewhere in memory: - (2.1s scan)
[7700.1s] 2 palettes, on screen: ['pws1/22000/0'], elsewhere in memory: - (2.1s scan)
[7705.1s] 2 palettes, on screen: ['pws1/22000/0'], elsewhere in memory: - (2.1s scan)
[7710.1s] 2 palettes, on screen: ['pws1/22000/0'], elsewhere in memory: - (2.1s scan)
[7715.1s] 2 palettes, on screen: ['pws1/22000/0'], elsewhere in memory: - (2.2s scan)
[7720.1s] 2 palettes, on screen: ['pws1/22000/0'], elsewhere in memory: - (2.2s scan)
[7725.1s] 2 palettes, on screen: ['pws1/22000/0'], elsewhere in memory: - (2.0s scan)
[7730.1s] 2 palettes, on screen: ['pws1/22000/0'], elsewhere in memory: - (2.1s scan)
[7735.1s] 2 palettes, on screen: ['pws1/22000/0'], elsewhere in memory: - (2.2s scan)
[7740.1s] 2 palettes, on screen: ['pws1/22000/0'], elsewhere in memory: - (2.1s scan)
[7745.1s] 2 palettes, on screen: ['pws1/22000/0'], elsewhere in memory: - (2.1s scan)
[7750.1s] 2 palettes, on screen: ['pws1/22000/0'], elsewhere in memory: - (2.2s scan)
[7755.1s] 2 palettes, on screen: ['pws1/22000/0'], elsewhere in memory: - (2.1s scan)
[7760.1s] 2 palettes, on screen: ['pws1/22000/0'], elsewhere in memory: - (2.1s scan)
[7765.1s] 2 palettes, on screen: ['pws1/22000/0'], elsewhere in memory: - (2.1s scan)
[7770.1s] 2 palettes, on screen: ['pws1/22000/0'], elsewhere in memory: - (2.1s scan)
[7775.1s] 2 palettes, on screen: ['pws1/22000/0'], elsewhere in memory: - (2.1s scan)
[7780.1s] 2 palettes, on screen: ['pws1/22000/0'], elsewhere in memory: - (2.1s scan)
[7785.1s] 2 palettes, on screen: ['pws1/22000/0'], elsewhere in memory: - (2.2s scan)
[7790.1s] 2 palettes, on screen: ['pws1/22000/0'], elsewhere in memory: - (2.2s scan)
[7795.1s] 2 palettes, on screen: ['pws1/22000/0'], elsewhere in memory: - (2.1s scan)
[7800.1s] 2 palettes, on screen: ['pws1/22000/0'], elsewhere in memory: - (2.1s scan)
[7805.1s] 2 palettes, on screen: ['pws1/22000/0'], elsewhere in memory: - (2.2s scan)
[7810.1s] 2 palettes, on screen: ['pws1/22000/0'], elsewhere in memory: - (2.2s scan)
[7815.1s] 2 palettes, on screen: ['pws1/22000/0'], elsewhere in memory: - (2.1s scan)
[7820.1s] 2 palettes, on screen: ['pws1/22000/0'], elsewhere in memory: - (2.2s scan)
[7825.1s] 2 palettes, on screen: ['pws1/22000/0'], elsewhere in memory: - (2.3s scan)
[7830.1s] 2 palettes, on screen: ['pws1/22000/0'], elsewhere in memory: - (2.2s scan)
[7835.1s] 2 palettes, on screen: ['pws1/22000/0'], elsewhere in memory: - (2.2s scan)
[7840.1s] 2 palettes, on screen: ['pws1/22000/0'], elsewhere in memory: - (2.2s scan)
[7845.1s] 2 palettes, on screen: ['pws1/22000/0'], elsewhere in memory: - (2.1s scan)
[7850.1s] 2 palettes, on screen: ['pws1/22000/0'], elsewhere in memory: - (2.2s scan)
[7855.1s] 2 palettes, on screen: ['pws1/22000/0'], elsewhere in memory: - (2.1s scan)
[7860.1s] 2 palettes, on screen: ['pws1/22000/0'], elsewhere in memory: - (2.0s scan)
[7865.1s] 2 palettes, on screen: ['pws1/22000/0'], elsewhere in memory: - (2.2s scan)
[7870.1s] 2 palettes, on screen: ['pws1/22000/0'], elsewhere in memory: - (2.1s scan)
[7875.1s] 2 palettes, on screen: ['pws1/22000/0'], elsewhere in memory: - (2.1s scan)
[7880.1s] 2 palettes, on screen: ['pws1/22000/0'], elsewhere in memory: - (2.1s scan)
[7885.1s] 2 palettes, on screen: ['pws1/22000/0'], elsewhere in memory: - (2.1s scan)
[7890.1s] 2 palettes, on screen: ['pws1/22000/0'], elsewhere in memory: - (2.1s scan)
[7895.1s] 2 palettes, on screen: ['pws1/22000/0'], elsewhere in memory: - (2.1s scan)
[7900.1s] 2 palettes, on screen: ['pws1/22000/0'], elsewhere in memory: - (2.1s scan)
[7905.1s] 2 palettes, on screen: ['pws1/22000/0'], elsewhere in memory: - (2.1s scan)
[7910.1s] 2 palettes, on screen: ['pws1/22000/0'], elsewhere in memory: - (2.1s scan)
[7915.1s] 2 palettes, on screen: ['pws1/22000/0'], elsewhere in memory: - (2.1s scan)
[7920.1s] 2 palettes, on screen: ['pws1/22000/0'], elsewhere in memory: - (2.2s scan)
[7925.1s] 2 palettes, on screen: ['pws1/22000/0'], elsewhere in memory: - (2.2s scan)
[7930.1s] 2 palettes, on screen: ['pws1/22000/0'], elsewhere in memory: - (2.2s scan)
[7935.1s] 2 palettes, on screen: ['pws1/22000/0'], elsewhere in memory: - (2.1s scan)
[7940.1s] 2 palettes, on screen: ['pws1/22000/0'], elsewhere in memory: - (2.1s scan)
[7945.1s] 2 palettes, on screen: ['pws1/22000/0'], elsewhere in memory: - (2.1s scan)
[7950.1s] 2 palettes, on screen: ['pws1/22000/0'], elsewhere in memory: - (2.1s scan)
[7955.1s] 2 palettes, on screen: ['pws1/22000/0'], elsewhere in memory: - (2.1s scan)
[7960.1s] 2 palettes, on screen: ['pws1/22000/0'], elsewhere in memory: - (2.2s scan)
[7965.1s] 2 palettes, on screen: ['pws1/22000/0'], elsewhere in memory: - (2.2s scan)
[7970.1s] 2 palettes, on screen: ['pws1/22000/0'], elsewhere in memory: - (2.1s scan)
[7975.1s] 2 palettes, on screen: ['pws1/22000/0'], elsewhere in memory: - (2.1s scan)
[7980.1s] 2 palettes, on screen: ['pws1/22000/0'], elsewhere in memory: - (2.2s scan)
[7985.1s] 2 palettes, on screen: ['pws1/22000/0'], elsewhere in memory: - (2.2s scan)
[7990.1s] 2 palettes, on screen: ['pws1/22000/0'], elsewhere in memory: - (2.1s scan)
[7995.1s] 2 palettes, on screen: ['pws1/22000/0'], elsewhere in memory: - (2.2s scan)
[8000.1s] 2 palettes, on screen: ['pws1/22000/0'], elsewhere in memory: - (2.1s scan)
[8005.1s] 2 palettes, on screen: ['pws1/22000/0'], elsewhere in memory: - (2.1s scan)
[8010.1s] 2 palettes, on screen: ['pws1/22000/0'], elsewhere in memory: - (2.1s scan)
[8015.1s] 2 palettes, on screen: ['pws1/22000/0'], elsewhere in memory: - (2.1s scan)
[8020.1s] 2 palettes, on screen: ['pws1/22000/0'], elsewhere in memory: - (2.1s scan)
[8025.1s] 2 palettes, on screen: ['pws1/22000/0'], elsewhere in memory: - (2.0s scan)
[8030.1s] 2 palettes, on screen: ['pws1/22000/0'], elsewhere in memory: - (2.1s scan)
[8035.1s] 2 palettes, on screen: ['pws1/22000/0'], elsewhere in memory: - (2.1s scan)
[8040.1s] 2 palettes, on screen: ['pws1/22000/0'], elsewhere in memory: - (2.1s scan)
[8045.1s] 2 palettes, on screen: ['pws1/22000/0'], elsewhere in memory: - (2.1s scan)
[8050.1s] 2 palettes, on screen: ['pws1/22000/0'], elsewhere in memory: - (2.2s scan)
[8055.1s] 2 palettes, on screen: ['pws1/22000/0'], elsewhere in memory: - (2.1s scan)
[8060.1s] 2 palettes, on screen: ['pws1/22000/0'], elsewhere in memory: - (2.1s scan)
[8065.1s] 2 palettes, on screen: ['pws1/22000/0'], elsewhere in memory: - (2.1s scan)
[8070.1s] 2 palettes, on screen: ['pws1/22000/0'], elsewhere in memory: - (2.1s scan)
[8075.1s] 2 palettes, on screen: ['pws1/22000/0'], elsewhere in memory: - (2.1s scan)
[8080.1s] 2 palettes, on screen: ['pws1/22000/0'], elsewhere in memory: - (2.3s scan)
[8085.1s] 2 palettes, on screen: ['pws1/22000/0'], elsewhere in memory: - (2.2s scan)
[8090.1s] 2 palettes, on screen: ['pws1/22000/0'], elsewhere in memory: - (2.2s scan)
[8095.1s] 2 palettes, on screen: ['pws1/22000/0'], elsewhere in memory: - (2.2s scan)
[8100.1s] 2 palettes, on screen: ['pws1/22000/0'], elsewhere in memory: - (2.1s scan)
[8105.1s] 2 palettes, on screen: ['pws1/22000/0'], elsewhere in memory: - (2.1s scan)
[8110.1s] 2 palettes, on screen: ['pws1/22000/0'], elsewhere in memory: - (2.2s scan)
[8115.1s] 2 palettes, on screen: ['pws1/22000/0'], elsewhere in memory: - (2.1s scan)
[8120.1s] 2 palettes, on screen: ['pws1/22000/0'], elsewhere in memory: - (2.1s scan)
[8125.1s] 2 palettes, on screen: ['pws1/22000/0'], elsewhere in memory: - (2.3s scan)
[8130.1s] 2 palettes, on screen: ['pws1/22000/0'], elsewhere in memory: - (2.2s scan)
[8135.1s] 2 palettes, on screen: ['pws1/22000/0'], elsewhere in memory: - (2.1s scan)
[8140.1s] 2 palettes, on screen: ['pws1/22000/0'], elsewhere in memory: - (2.1s scan)
[8145.1s] 2 palettes, on screen: ['pws1/22000/0'], elsewhere in memory: - (2.1s scan)
[8150.1s] 2 palettes, on screen: ['pws1/22000/0'], elsewhere in memory: - (2.1s scan)
[8155.1s] 2 palettes, on screen: ['pws1/22000/0'], elsewhere in memory: - (2.1s scan)
[8160.1s] 2 palettes, on screen: ['pws1/22000/0'], elsewhere in memory: - (2.2s scan)
[8165.1s] 2 palettes, on screen: ['pws1/22000/0'], elsewhere in memory: - (2.1s scan)
[8170.1s] 2 palettes, on screen: ['pws1/22000/0'], elsewhere in memory: - (2.1s scan)
[8175.1s] 2 palettes, on screen: ['pws1/22000/0'], elsewhere in memory: - (2.1s scan)
[8180.1s] 2 palettes, on screen: ['pws1/22000/0'], elsewhere in memory: - (2.1s scan)
[8185.1s] 2 palettes, on screen: ['pws1/22000/0'], elsewhere in memory: - (2.1s scan)
[8190.1s] 2 palettes, on screen: ['pws1/22000/0'], elsewhere in memory: - (2.1s scan)
[8195.1s] 2 palettes, on screen: ['pws1/22000/0'], elsewhere in memory: - (2.1s scan)
[8200.1s] 2 palettes, on screen: ['pws1/22000/0'], elsewhere in memory: - (2.1s scan)
[8205.1s] 2 palettes, on screen: ['pws1/22000/0'], elsewhere in memory: - (2.1s scan)
[8210.1s] 2 palettes, on screen: ['pws1/22000/0'], elsewhere in memory: - (2.1s scan)
[8215.1s] 2 palettes, on screen: ['pws1/22000/0'], elsewhere in memory: - (2.1s scan)
[8220.1s] 2 palettes, on screen: ['pws1/22000/0'], elsewhere in memory: - (2.1s scan)
[8225.1s] 2 palettes, on screen: ['pws1/22000/0'], elsewhere in memory: - (2.2s scan)
[8230.1s] 2 palettes, on screen: ['pws1/22000/0'], elsewhere in memory: - (2.1s scan)
[8235.1s] 2 palettes, on screen: ['pws1/22000/0'], elsewhere in memory: - (2.1s scan)
[8240.1s] 2 palettes, on screen: ['pws1/22000/0'], elsewhere in memory: - (2.1s scan)
[8245.1s] 2 palettes, on screen: ['pws1/22000/0'], elsewhere in memory: - (2.1s scan)
[8250.1s] 2 palettes, on screen: ['pws1/22000/0'], elsewhere in memory: - (2.1s scan)
[8255.1s] 2 palettes, on screen: ['pws1/22000/0'], elsewhere in memory: - (2.3s scan)
[8260.1s] 2 palettes, on screen: ['pws1/22000/0'], elsewhere in memory: - (2.2s scan)
[8265.1s] 2 palettes, on screen: ['pws1/22000/0'], elsewhere in memory: - (2.1s scan)
[8270.1s] 2 palettes, on screen: ['pws1/22000/0'], elsewhere in memory: - (2.1s scan)
[8275.1s] 2 palettes, on screen: ['pws1/22000/0'], elsewhere in memory: - (2.1s scan)
[8280.1s] 2 palettes, on screen: ['pws1/22000/0'], elsewhere in memory: - (2.1s scan)
[8285.1s] 2 palettes, on screen: ['pws1/22000/0'], elsewhere in memory: - (2.2s scan)
[8290.1s] 2 palettes, on screen: ['pws1/22000/0'], elsewhere in memory: - (2.2s scan)
[8295.1s] 2 palettes, on screen: ['pws1/22000/0'], elsewhere in memory: - (2.1s scan)
[8300.1s] 2 palettes, on screen: ['pws1/22000/0'], elsewhere in memory: - (2.0s scan)
[8305.1s] 2 palettes, on screen: ['pws1/22000/0'], elsewhere in memory: - (2.0s scan)
[8310.1s] 2 palettes, on screen: ['pws1/22000/0'], elsewhere in memory: - (2.1s scan)
[8315.1s] 2 palettes, on screen: ['pws1/22000/0'], elsewhere in memory: - (2.1s scan)
[8320.1s] 2 palettes, on screen: ['pws1/22000/0'], elsewhere in memory: - (2.0s scan)
[8325.1s] 2 palettes, on screen: ['pws1/22000/0'], elsewhere in memory: - (2.1s scan)
[8330.1s] 2 palettes, on screen: ['pws1/22000/0'], elsewhere in memory: - (2.0s scan)
[8335.1s] 2 palettes, on screen: ['pws1/22000/0'], elsewhere in memory: - (2.1s scan)
[8340.1s] 2 palettes, on screen: ['pws1/22000/0'], elsewhere in memory: - (2.1s scan)
[8345.1s] 2 palettes, on screen: ['pws1/22000/0'], elsewhere in memory: - (2.1s scan)
[8350.1s] 2 palettes, on screen: ['pws1/22000/0'], elsewhere in memory: - (2.2s scan)
[8355.1s] 2 palettes, on screen: ['pws1/22000/0'], elsewhere in memory: - (2.2s scan)
[8360.1s] 2 palettes, on screen: ['pws1/22000/0'], elsewhere in memory: - (2.1s scan)
[8365.1s] 2 palettes, on screen: ['pws1/22000/0'], elsewhere in memory: - (2.1s scan)
[8370.1s] 2 palettes, on screen: ['pws1/22000/0'], elsewhere in memory: - (2.1s scan)
[8375.1s] 2 palettes, on screen: ['pws1/22000/0'], elsewhere in memory: - (2.1s scan)
[8380.1s] 2 palettes, on screen: ['pws1/22000/0'], elsewhere in memory: - (2.1s scan)
[8385.1s] 2 palettes, on screen: ['pws1/22000/0'], elsewhere in memory: - (2.1s scan)
[8390.1s] 2 palettes, on screen: ['pws1/22000/0'], elsewhere in memory: - (2.1s scan)
[8395.1s] 2 palettes, on screen: ['pws1/22000/0'], elsewhere in memory: - (2.1s scan)
[8400.1s] 2 palettes, on screen: ['pws1/22000/0'], elsewhere in memory: - (2.2s scan)
[8405.1s] 2 palettes, on screen: ['pws1/22000/0'], elsewhere in memory: - (2.2s scan)
[8410.1s] 2 palettes, on screen: ['pws1/22000/0'], elsewhere in memory: - (2.1s scan)
[8415.1s] 2 palettes, on screen: ['pws1/22000/0'], elsewhere in memory: - (2.2s scan)
[8420.1s] 2 palettes, on screen: ['pws1/22000/0'], elsewhere in memory: - (2.2s scan)
[8425.1s] 2 palettes, on screen: ['pws1/22000/0'], elsewhere in memory: - (2.1s scan)
[8430.1s] 2 palettes, on screen: ['pws1/22000/0'], elsewhere in memory: - (2.1s scan)
[8435.1s] 2 palettes, on screen: ['pws1/22000/0'], elsewhere in memory: - (2.1s scan)
[8440.1s] 2 palettes, on screen: ['pws1/22000/0'], elsewhere in memory: - (2.1s scan)
[8445.1s] 2 palettes, on screen: ['pws1/22000/0'], elsewhere in memory: - (2.1s scan)
[8450.1s] 2 palettes, on screen: ['pws1/22000/0'], elsewhere in memory: - (2.2s scan)
[8455.1s] 2 palettes, on screen: ['pws1/22000/0'], elsewhere in memory: - (2.2s scan)
[8460.1s] 2 palettes, on screen: ['pws1/22000/0'], elsewhere in memory: - (2.2s scan)
[8465.1s] 2 palettes, on screen: ['pws1/22000/0'], elsewhere in memory: - (2.2s scan)
[8470.1s] 2 palettes, on screen: ['pws1/22000/0'], elsewhere in memory: - (2.2s scan)
[8475.1s] 2 palettes, on screen: ['pws1/22000/0'], elsewhere in memory: - (2.2s scan)
[8480.1s] 2 palettes, on screen: ['pws1/22000/0'], elsewhere in memory: - (2.3s scan)
[8485.1s] 2 palettes, on screen: ['pws1/22000/0'], elsewhere in memory: - (2.3s scan)
[8490.1s] 2 palettes, on screen: ['pws1/22000/0'], elsewhere in memory: - (2.1s scan)
[8495.1s] 2 palettes, on screen: ['pws1/22000/0'], elsewhere in memory: - (2.2s scan)
[8500.1s] 2 palettes, on screen: ['pws1/22000/0'], elsewhere in memory: - (2.2s scan)
[8505.1s] 2 palettes, on screen: ['pws1/22000/0'], elsewhere in memory: - (2.2s scan)
[8510.1s] 2 palettes, on screen: ['pws1/22000/0'], elsewhere in memory: - (2.3s scan)
[8515.1s] 2 palettes, on screen: ['pws1/22000/0'], elsewhere in memory: - (2.3s scan)
[8520.1s] 2 palettes, on screen: ['pws1/22000/0'], elsewhere in memory: - (2.2s scan)
[8525.1s] 2 palettes, on screen: ['pws1/22000/0'], elsewhere in memory: - (2.3s scan)
[8530.1s] 2 palettes, on screen: ['pws1/22000/0'], elsewhere in memory: - (2.3s scan)
[8535.1s] 2 palettes, on screen: ['pws1/22000/0'], elsewhere in memory: - (2.2s scan)
[8540.1s] 2 palettes, on screen: ['pws1/22000/0'], elsewhere in memory: - (2.2s scan)
[8545.1s] 2 palettes, on screen: ['pws1/22000/0'], elsewhere in memory: - (2.0s scan)
[8550.1s] 2 palettes, on screen: ['pws1/22000/0'], elsewhere in memory: - (2.2s scan)
[8555.1s] 2 palettes, on screen: ['pws1/22000/0'], elsewhere in memory: - (2.0s scan)
[8560.1s] 2 palettes, on screen: ['pws1/22000/0'], elsewhere in memory: - (2.1s scan)
[8565.1s] 2 palettes, on screen: ['pws1/22000/0'], elsewhere in memory: - (2.1s scan)
[8570.1s] 2 palettes, on screen: ['pws1/22000/0'], elsewhere in memory: - (2.1s scan)
[8575.1s] 2 palettes, on screen: ['pws1/22000/0'], elsewhere in memory: - (2.1s scan)
[8580.1s] 2 palettes, on screen: ['pws1/22000/0'], elsewhere in memory: - (2.1s scan)
[8585.1s] 2 palettes, on screen: ['pws1/22000/0'], elsewhere in memory: - (2.1s scan)
[8590.1s] 2 palettes, on screen: ['pws1/22000/0'], elsewhere in memory: - (2.1s scan)
[8595.1s] 2 palettes, on screen: ['pws1/22000/0'], elsewhere in memory: - (2.1s scan)
[8600.1s] 2 palettes, on screen: ['pws1/22000/0'], elsewhere in memory: - (2.2s scan)
[8605.1s] 2 palettes, on screen: ['pws1/22000/0'], elsewhere in memory: - (2.2s scan)
[8610.1s] 2 palettes, on screen: ['pws1/22000/0'], elsewhere in memory: - (2.1s scan)
[8615.1s] 2 palettes, on screen: ['pws1/22000/0'], elsewhere in memory: - (2.2s scan)
[8620.1s] 2 palettes, on screen: ['pws1/22000/0'], elsewhere in memory: - (2.2s scan)
[8625.1s] 2 palettes, on screen: ['pws1/22000/0'], elsewhere in memory: - (2.2s scan)
[8630.1s] 2 palettes, on screen: ['pws1/22000/0'], elsewhere in memory: - (2.1s scan)
[8635.1s] 2 palettes, on screen: ['pws1/22000/0'], elsewhere in memory: - (2.1s scan)
[8640.1s] 2 palettes, on screen: ['pws1/22000/0'], elsewhere in memory: - (2.2s scan)
[8645.1s] 2 palettes, on screen: ['pws1/22000/0'], elsewhere in memory: - (2.3s scan)
[8650.1s] 2 palettes, on screen: ['pws1/22000/0'], elsewhere in memory: - (2.2s scan)
[8655.1s] 2 palettes, on screen: ['pws1/22000/0'], elsewhere in memory: - (2.2s scan)
[8660.1s] 2 palettes, on screen: ['pws1/22000/0'], elsewhere in memory: - (2.2s scan)
[8665.1s] 2 palettes, on screen: ['pws1/22000/0'], elsewhere in memory: - (2.1s scan)
[8670.1s] 2 palettes, on screen: ['pws1/22000/0'], elsewhere in memory: - (2.1s scan)
[8675.1s] 2 palettes, on screen: ['pws1/22000/0'], elsewhere in memory: - (2.2s scan)
[8680.1s] 2 palettes, on screen: ['pws1/22000/0'], elsewhere in memory: - (2.2s scan)
[8685.1s] 2 palettes, on screen: ['pws1/22000/0'], elsewhere in memory: - (2.1s scan)
[8690.1s] 2 palettes, on screen: ['pws1/22000/0'], elsewhere in memory: - (2.1s scan)
[8695.1s] 2 palettes, on screen: ['pws1/22000/0'], elsewhere in memory: - (2.2s scan)
[8700.1s] 2 palettes, on screen: ['pws1/22000/0'], elsewhere in memory: - (2.2s scan)
[8705.1s] 2 palettes, on screen: ['pws1/22000/0'], elsewhere in memory: - (2.3s scan)
[8710.1s] 2 palettes, on screen: ['pws1/22000/0'], elsewhere in memory: - (2.1s scan)
[8715.1s] 2 palettes, on screen: ['pws1/22000/0'], elsewhere in memory: - (2.2s scan)
[8720.1s] 2 palettes, on screen: ['pws1/22000/0'], elsewhere in memory: - (2.1s scan)
[8725.1s] 2 palettes, on screen: ['pws1/22000/0'], elsewhere in memory: - (2.1s scan)
[8730.1s] 2 palettes, on screen: ['pws1/22000/0'], elsewhere in memory: - (2.2s scan)
[8735.1s] 2 palettes, on screen: ['pws1/22000/0'], elsewhere in memory: - (2.1s scan)
[8740.1s] 2 palettes, on screen: ['pws1/22000/0'], elsewhere in memory: - (2.1s scan)
[8745.1s] 2 palettes, on screen: ['pws1/22000/0'], elsewhere in memory: - (2.2s scan)
[8750.1s] 2 palettes, on screen: ['pws1/22000/0'], elsewhere in memory: - (2.1s scan)
[8755.1s] 2 palettes, on screen: ['pws1/22000/0'], elsewhere in memory: - (2.1s scan)
[8760.1s] 2 palettes, on screen: ['pws1/22000/0'], elsewhere in memory: - (2.2s scan)
[8765.1s] 2 palettes, on screen: ['pws1/22000/0'], elsewhere in memory: - (2.2s scan)
[8770.1s] 2 palettes, on screen: ['pws1/22000/0'], elsewhere in memory: - (2.2s scan)
[8775.1s] 2 palettes, on screen: ['pws1/22000/0'], elsewhere in memory: - (2.1s scan)
[8780.1s] 2 palettes, on screen: ['pws1/22000/0'], elsewhere in memory: - (2.1s scan)
[8785.1s] 2 palettes, on screen: ['pws1/22000/0'], elsewhere in memory: - (2.2s scan)
[8790.1s] 2 palettes, on screen: ['pws1/22000/0'], elsewhere in memory: - (2.2s scan)
[8795.1s] 2 palettes, on screen: ['pws1/22000/0'], elsewhere in memory: - (2.1s scan)
[8800.1s] 2 palettes, on screen: ['pws1/22000/0'], elsewhere in memory: - (2.0s scan)
[8805.1s] 2 palettes, on screen: ['pws1/22000/0'], elsewhere in memory: - (2.1s scan)
[8810.1s] 2 palettes, on screen: ['pws1/22000/0'], elsewhere in memory: - (2.1s scan)
[8815.1s] 2 palettes, on screen: ['pws1/22000/0'], elsewhere in memory: - (2.1s scan)
[8820.1s] 2 palettes, on screen: ['pws1/22000/0'], elsewhere in memory: - (2.1s scan)
[8825.1s] 2 palettes, on screen: ['pws1/22000/0'], elsewhere in memory: - (2.1s scan)
[8830.1s] 2 palettes, on screen: ['pws1/22000/0'], elsewhere in memory: - (2.2s scan)
[8835.1s] 2 palettes, on screen: ['pws1/22000/0'], elsewhere in memory: - (2.2s scan)
[8840.1s] 2 palettes, on screen: ['pws1/22000/0'], elsewhere in memory: - (2.1s scan)
[8845.1s] 2 palettes, on screen: ['pws1/22000/0'], elsewhere in memory: - (2.1s scan)
[8850.1s] 2 palettes, on screen: ['pws1/22000/0'], elsewhere in memory: - (2.1s scan)
[8855.1s] 2 palettes, on screen: ['pws1/22000/0'], elsewhere in memory: - (2.2s scan)
[8860.1s] 2 palettes, on screen: ['pws1/22000/0'], elsewhere in memory: - (2.2s scan)
[8865.1s] 2 palettes, on screen: ['pws1/22000/0'], elsewhere in memory: - (2.2s scan)
[8870.1s] 2 palettes, on screen: ['pws1/22000/0'], elsewhere in memory: - (2.2s scan)
[8875.1s] 2 palettes, on screen: ['pws1/22000/0'], elsewhere in memory: - (2.2s scan)
[8880.1s] 2 palettes, on screen: ['pws1/22000/0'], elsewhere in memory: - (2.2s scan)
[8885.1s] 2 palettes, on screen: ['pws1/22000/0'], elsewhere in memory: - (2.1s scan)
[8890.1s] 2 palettes, on screen: ['pws1/22000/0'], elsewhere in memory: - (2.0s scan)
[8895.1s] 2 palettes, on screen: ['pws1/22000/0'], elsewhere in memory: - (2.2s scan)
[8900.1s] 2 palettes, on screen: ['pws1/22000/0'], elsewhere in memory: - (2.1s scan)
[8905.1s] 2 palettes, on screen: ['pws1/22000/0'], elsewhere in memory: - (2.2s scan)
[8910.1s] 2 palettes, on screen: ['pws1/22000/0'], elsewhere in memory: - (2.1s scan)
[8915.1s] 2 palettes, on screen: ['pws1/22000/0'], elsewhere in memory: - (2.1s scan)
[8920.1s] 2 palettes, on screen: ['pws1/22000/0'], elsewhere in memory: - (2.1s scan)
[8925.1s] 2 palettes, on screen: ['pws1/22000/0'], elsewhere in memory: - (2.2s scan)
[8930.1s] 2 palettes, on screen: ['pws1/22000/0'], elsewhere in memory: - (2.1s scan)
[8935.1s] 2 palettes, on screen: ['pws1/22000/0'], elsewhere in memory: - (2.3s scan)
[8940.1s] 2 palettes, on screen: ['pws1/22000/0'], elsewhere in memory: - (2.3s scan)
[8945.1s] 2 palettes, on screen: ['pws1/22000/0'], elsewhere in memory: - (2.1s scan)
[8950.1s] 2 palettes, on screen: ['pws1/22000/0'], elsewhere in memory: - (2.2s scan)
[8955.1s] 2 palettes, on screen: ['pws1/22000/0'], elsewhere in memory: - (2.2s scan)
[8960.1s] 2 palettes, on screen: ['pws1/22000/0'], elsewhere in memory: - (2.1s scan)
[8965.1s] 2 palettes, on screen: ['pws1/22000/0'], elsewhere in memory: - (2.1s scan)
[8970.1s] 2 palettes, on screen: ['pws1/22000/0'], elsewhere in memory: - (2.2s scan)
[8975.1s] 2 palettes, on screen: ['pws1/22000/0'], elsewhere in memory: - (2.1s scan)
[8980.1s] 2 palettes, on screen: ['pws1/22000/0'], elsewhere in memory: - (2.2s scan)
[8985.1s] 2 palettes, on screen: ['pws1/22000/0'], elsewhere in memory: - (2.1s scan)
[8990.1s] 2 palettes, on screen: ['pws1/22000/0'], elsewhere in memory: - (2.1s scan)
[8995.1s] 2 palettes, on screen: ['pws1/22000/0'], elsewhere in memory: - (2.1s scan)
[9000.1s] 2 palettes, on screen: ['pws1/22000/0'], elsewhere in memory: - (2.1s scan)
[9005.1s] 2 palettes, on screen: ['pws1/22000/0'], elsewhere in memory: - (2.2s scan)
[9010.1s] 2 palettes, on screen: ['pws1/22000/0'], elsewhere in memory: - (2.2s scan)
[9015.1s] 2 palettes, on screen: ['pws1/22000/0'], elsewhere in memory: - (2.1s scan)
[9020.1s] 2 palettes, on screen: ['pws1/22000/0'], elsewhere in memory: - (2.1s scan)
[9025.1s] 2 palettes, on screen: ['pws1/22000/0'], elsewhere in memory: - (2.2s scan)
[9030.1s] 2 palettes, on screen: ['pws1/22000/0'], elsewhere in memory: - (2.1s scan)
[9035.1s] 2 palettes, on screen: ['pws1/22000/0'], elsewhere in memory: - (2.1s scan)
[9040.1s] 2 palettes, on screen: ['pws1/22000/0'], elsewhere in memory: - (2.2s scan)
[9045.1s] 2 palettes, on screen: ['pws1/22000/0'], elsewhere in memory: - (2.1s scan)
[9050.1s] 2 palettes, on screen: ['pws1/22000/0'], elsewhere in memory: - (2.2s scan)
[9055.1s] 2 palettes, on screen: ['pws1/22000/0'], elsewhere in memory: - (2.1s scan)
[9060.1s] 2 palettes, on screen: ['pws1/22000/0'], elsewhere in memory: - (2.1s scan)
[9065.1s] 2 palettes, on screen: ['pws1/22000/0'], elsewhere in memory: - (2.1s scan)
[9070.1s] 2 palettes, on screen: ['pws1/22000/0'], elsewhere in memory: - (2.2s scan)
[9075.1s] 2 palettes, on screen: ['pws1/22000/0'], elsewhere in memory: - (2.1s scan)
[9080.1s] 2 palettes, on screen: ['pws1/22000/0'], elsewhere in memory: - (2.1s scan)
[9085.1s] 2 palettes, on screen: ['pws1/22000/0'], elsewhere in memory: - (2.1s scan)
[9090.1s] 2 palettes, on screen: ['pws1/22000/0'], elsewhere in memory: - (2.1s scan)
[9095.1s] 2 palettes, on screen: ['pws1/22000/0'], elsewhere in memory: - (2.1s scan)
[9100.1s] 2 palettes, on screen: ['pws1/22000/0'], elsewhere in memory: - (2.1s scan)
[9105.1s] 2 palettes, on screen: ['pws1/22000/0'], elsewhere in memory: - (2.1s scan)
[9110.1s] 2 palettes, on screen: ['pws1/22000/0'], elsewhere in memory: - (2.1s scan)
[9115.1s] 2 palettes, on screen: ['pws1/22000/0'], elsewhere in memory: - (2.0s scan)
[9120.1s] 2 palettes, on screen: ['pws1/22000/0'], elsewhere in memory: - (2.1s scan)
[9125.1s] 2 palettes, on screen: ['pws1/22000/0'], elsewhere in memory: - (2.4s scan)
[9130.1s] 2 palettes, on screen: ['pws1/22000/0'], elsewhere in memory: - (2.1s scan)
[9135.1s] 2 palettes, on screen: ['pws1/22000/0'], elsewhere in memory: - (2.2s scan)
[9140.1s] 2 palettes, on screen: ['pws1/22000/0'], elsewhere in memory: - (2.3s scan)
[9145.1s] 3 palettes, on screen: ['pws1/22000/0'], elsewhere in memory: - (2.0s scan)
[9150.1s] 3 palettes, on screen: ['pws1/22000/0'], elsewhere in memory: - (2.0s scan)
[9155.1s] 3 palettes, on screen: ['pws1/22000/0'], elsewhere in memory: - (1.9s scan)
[9160.1s] 3 palettes, on screen: ['pws1/22000/0'], elsewhere in memory: - (2.0s scan)
[9165.1s] 3 palettes, on screen: ['pws1/22000/0'], elsewhere in memory: - (2.0s scan)
[9170.1s] 3 palettes, on screen: ['pws1/22000/0'], elsewhere in memory: - (1.9s scan)
[9175.1s] 3 palettes, on screen: ['pws1/22000/0'], elsewhere in memory: - (1.9s scan)
[9180.1s] 2 palettes, on screen: ['pws1/22000/0'], elsewhere in memory: - (1.9s scan)
[9185.1s] 2 palettes, on screen: ['pws1/22000/0'], elsewhere in memory: - (1.9s scan)
[9190.1s] 2 palettes, on screen: ['pws1/22000/0'], elsewhere in memory: - (2.0s scan)
[9195.1s] 2 palettes, on screen: ['pws1/22000/0'], elsewhere in memory: - (1.9s scan)
[9200.1s] 2 palettes, on screen: ['pws1/22000/0'], elsewhere in memory: - (1.9s scan)
[9205.1s] 2 palettes, on screen: ['pws1/22000/0'], elsewhere in memory: - (1.9s scan)
[9210.1s] 2 palettes, on screen: ['pws1/22000/0'], elsewhere in memory: - (1.9s scan)
[9215.1s] 2 palettes, on screen: ['pws1/22000/0'], elsewhere in memory: - (1.9s scan)
[9220.1s] 2 palettes, on screen: ['pws1/22000/0'], elsewhere in memory: - (1.9s scan)
[9225.1s] 2 palettes, on screen: ['pws1/22000/0'], elsewhere in memory: - (1.9s scan)
[9230.1s] 2 palettes, on screen: ['pws1/22000/0'], elsewhere in memory: - (2.0s scan)
[9235.1s] 2 palettes, on screen: ['pws1/22000/0'], elsewhere in memory: - (2.0s scan)
[9240.1s] 2 palettes, on screen: ['pws1/22000/0'], elsewhere in memory: - (2.0s scan)
[9245.1s] 2 palettes, on screen: ['pws1/22000/0'], elsewhere in memory: - (2.0s scan)
[9250.1s] 2 palettes, on screen: ['pws1/22000/0'], elsewhere in memory: - (2.0s scan)
[9255.1s] 2 palettes, on screen: ['pws1/22000/0'], elsewhere in memory: - (2.0s scan)
